/Users/bethegnt/.pyenv/versions/3.11.9/lib/python3.11/site-packages/requests/__init__.py:113: RequestsDependencyWarning: urllib3 (2.6.3) or chardet (7.4.3)/charset_normalizer (3.4.4) doesn't match a supported version!
  warnings.warn(

=== wfg / zero_shot (30 prompts) ===
  calling: wfg_417dd8d468e4 ...       call failed (http_404), retrying in 5s (attempt 1/5)...
      call failed (http_404), retrying in 10s (attempt 2/5)...
      call failed (http_404), retrying in 20s (attempt 3/5)...
      call failed (http_404), retrying in 40s (attempt 4/5)...
      call failed (http_404), retrying in 60s (attempt 5/5)...
FAILED (http_404)
  calling: wfg_5dd3bc2b761f ...       call failed (http_404), retrying in 5s (attempt 1/5)...
      call failed (http_404), retrying in 10s (attempt 2/5)...
      call failed (http_404), retrying in 20s (attempt 3/5)...
      call failed (http_404), retrying in 40s (attempt 4/5)...
      call failed (http_404), retrying in 60s (attempt 5/5)...
FAILED (http_404)
  calling: wfg_7493fe374806 ...       call failed (http_404), retrying in 5s (attempt 1/5)...
      call failed (http_404), retrying in 10s (attempt 2/5)...
      call failed (http_404), retrying in 20s (attempt 3/5)...
      call failed (http_404), retrying in 40s (attempt 4/5)...
      call failed (http_404), retrying in 60s (attempt 5/5)...
FAILED (http_404)
  calling: wfg_75acae09740d ...       call failed (http_404), retrying in 5s (attempt 1/5)...
      call failed (http_404), retrying in 10s (attempt 2/5)...
      call failed (http_404), retrying in 20s (attempt 3/5)...
      call failed (http_404), retrying in 40s (attempt 4/5)...
      call failed (http_404), retrying in 60s (attempt 5/5)...
FAILED (http_404)
  calling: wfg_6d3225e8cb4c ...       call failed (http_404), retrying in 5s (attempt 1/5)...
      call failed (http_404), retrying in 10s (attempt 2/5)...
      call failed (http_404), retrying in 20s (attempt 3/5)...
      call failed (http_404), retrying in 40s (attempt 4/5)...
      call failed (http_404), retrying in 60s (attempt 5/5)...
FAILED (http_404)
  calling: wfg_b507447891b6 ...       call failed (http_404), retrying in 5s (attempt 1/5)...
      call failed (http_404), retrying in 10s (attempt 2/5)...
      call failed (http_404), retrying in 20s (attempt 3/5)...
      call failed (http_404), retrying in 40s (attempt 4/5)...
      call failed (http_404), retrying in 60s (attempt 5/5)...
FAILED (http_404)
  calling: wfg_f37c7f53b7a8 ...       call failed (http_404), retrying in 5s (attempt 1/5)...
      call failed (http_404), retrying in 10s (attempt 2/5)...
      call failed (http_404), retrying in 20s (attempt 3/5)...
      call failed (http_404), retrying in 40s (attempt 4/5)...
      call failed (http_404), retrying in 60s (attempt 5/5)...
FAILED (http_404)
  calling: wfg_af5db55599b1 ...       call failed (http_404), retrying in 5s (attempt 1/5)...
      call failed (http_404), retrying in 10s (attempt 2/5)...
      call failed (http_404), retrying in 20s (attempt 3/5)...
      call failed (http_404), retrying in 40s (attempt 4/5)...
      call failed (http_404), retrying in 60s (attempt 5/5)...
FAILED (http_404)
  calling: wfg_ab3c636ad930 ...       call failed (http_404), retrying in 5s (attempt 1/5)...
      call failed (http_404), retrying in 10s (attempt 2/5)...
      call failed (http_404), retrying in 20s (attempt 3/5)...
      call failed (http_404), retrying in 40s (attempt 4/5)...
      call failed (http_404), retrying in 60s (attempt 5/5)...
FAILED (http_404)
  calling: wfg_469a2c65243a ...       call failed (http_404), retrying in 5s (attempt 1/5)...
      call failed (http_404), retrying in 10s (attempt 2/5)...
      call failed (http_404), retrying in 20s (attempt 3/5)...
      call failed (http_404), retrying in 40s (attempt 4/5)...
      call failed (http_404), retrying in 60s (attempt 5/5)...
FAILED (http_404)
  calling: wfg_6d4b7cc00456 ...       call failed (http_404), retrying in 5s (attempt 1/5)...
      call failed (http_404), retrying in 10s (attempt 2/5)...
      call failed (http_404), retrying in 20s (attempt 3/5)...
      call failed (http_404), retrying in 40s (attempt 4/5)...
      call failed (http_404), retrying in 60s (attempt 5/5)...
FAILED (http_404)
  calling: wfg_564d936009b5 ...       call failed (http_404), retrying in 5s (attempt 1/5)...
      call failed (http_404), retrying in 10s (attempt 2/5)...
      call failed (http_404), retrying in 20s (attempt 3/5)...
      call failed (http_404), retrying in 40s (attempt 4/5)...
      call failed (http_404), retrying in 60s (attempt 5/5)...
FAILED (http_404)
  calling: wfg_37b668e2a078 ...       call failed (http_404), retrying in 5s (attempt 1/5)...
      call failed (http_404), retrying in 10s (attempt 2/5)...
      call failed (http_404), retrying in 20s (attempt 3/5)...
      call failed (http_404), retrying in 40s (attempt 4/5)...
      call failed (http_404), retrying in 60s (attempt 5/5)...
FAILED (http_404)
  calling: wfg_04eb971e0637 ...       call failed (http_404), retrying in 5s (attempt 1/5)...
      call failed (http_404), retrying in 10s (attempt 2/5)...
      call failed (http_404), retrying in 20s (attempt 3/5)...
      call failed (http_404), retrying in 40s (attempt 4/5)...
      call failed (http_404), retrying in 60s (attempt 5/5)...
FAILED (http_404)
  calling: wfg_ed9fd4005aaf ...       call failed (http_404), retrying in 5s (attempt 1/5)...
      call failed (http_404), retrying in 10s (attempt 2/5)...
      call failed (http_404), retrying in 20s (attempt 3/5)...
      call failed (http_404), retrying in 40s (attempt 4/5)...
      call failed (http_404), retrying in 60s (attempt 5/5)...
FAILED (http_404)
  calling: wfg_d8423683c8d6 ...       call failed (network_error: HTTPSConnectionPool(host='openrouter.ai', port=443): Read timed out. (read timeout=120)), retrying in 5s (attempt 1/5)...
      call failed (http_404), retrying in 10s (attempt 2/5)...
      call failed (http_404), retrying in 20s (attempt 3/5)...
      call failed (http_404), retrying in 40s (attempt 4/5)...
      call failed (http_404), retrying in 60s (attempt 5/5)...
FAILED (http_404)
  calling: wfg_a145312eb200 ...       call failed (http_404), retrying in 5s (attempt 1/5)...
      call failed (http_404), retrying in 10s (attempt 2/5)...
      call failed (http_404), retrying in 20s (attempt 3/5)...
      call failed (http_404), retrying in 40s (attempt 4/5)...
      call failed (http_404), retrying in 60s (attempt 5/5)...
FAILED (http_404)
  calling: wfg_1f160cd685bb ...       call failed (http_404), retrying in 5s (attempt 1/5)...
      call failed (http_404), retrying in 10s (attempt 2/5)...
      call failed (http_404), retrying in 20s (attempt 3/5)...
      call failed (http_404), retrying in 40s (attempt 4/5)...
      call failed (http_404), retrying in 60s (attempt 5/5)...
FAILED (http_404)
  calling: wfg_0ec67367ebb6 ...       call failed (http_404), retrying in 5s (attempt 1/5)...
      call failed (http_404), retrying in 10s (attempt 2/5)...
      call failed (http_404), retrying in 20s (attempt 3/5)...
      call failed (http_404), retrying in 40s (attempt 4/5)...
      call failed (http_404), retrying in 60s (attempt 5/5)...
FAILED (http_404)
  calling: wfg_b075ff19c8f8 ...       call failed (http_404), retrying in 5s (attempt 1/5)...
      call failed (http_404), retrying in 10s (attempt 2/5)...
      call failed (http_404), retrying in 20s (attempt 3/5)...
      call failed (http_404), retrying in 40s (attempt 4/5)...
      call failed (http_404), retrying in 60s (attempt 5/5)...
FAILED (http_404)
  calling: wfg_34bc6b54f102 ...       call failed (http_404), retrying in 5s (attempt 1/5)...
      call failed (http_404), retrying in 10s (attempt 2/5)...
      call failed (http_404), retrying in 20s (attempt 3/5)...
      call failed (http_404), retrying in 40s (attempt 4/5)...
      call failed (http_404), retrying in 60s (attempt 5/5)...
FAILED (http_404)
  calling: wfg_0d1640042752 ...       call failed (http_404), retrying in 5s (attempt 1/5)...
      call failed (http_404), retrying in 10s (attempt 2/5)...
      call failed (http_404), retrying in 20s (attempt 3/5)...
      call failed (http_404), retrying in 40s (attempt 4/5)...
      call failed (http_404), retrying in 60s (attempt 5/5)...
FAILED (http_404)
  calling: wfg_3ceec919261d ...       call failed (http_404), retrying in 5s (attempt 1/5)...
      call failed (http_404), retrying in 10s (attempt 2/5)...
      call failed (http_404), retrying in 20s (attempt 3/5)...
      call failed (http_404), retrying in 40s (attempt 4/5)...
      call failed (http_404), retrying in 60s (attempt 5/5)...
FAILED (http_404)
  calling: wfg_aebd30c18fd6 ...       call failed (http_404), retrying in 5s (attempt 1/5)...
      call failed (http_404), retrying in 10s (attempt 2/5)...
      call failed (http_404), retrying in 20s (attempt 3/5)...
      call failed (http_404), retrying in 40s (attempt 4/5)...
      call failed (http_404), retrying in 60s (attempt 5/5)...
FAILED (http_404)
  calling: wfg_d07c20613d8e ...       call failed (http_404), retrying in 5s (attempt 1/5)...
      call failed (http_404), retrying in 10s (attempt 2/5)...
      call failed (http_404), retrying in 20s (attempt 3/5)...
      call failed (http_404), retrying in 40s (attempt 4/5)...
      call failed (http_404), retrying in 60s (attempt 5/5)...
FAILED (http_404)
  calling: wfg_a7d34eafc06a ...       call failed (http_404), retrying in 5s (attempt 1/5)...
      call failed (http_404), retrying in 10s (attempt 2/5)...
      call failed (http_404), retrying in 20s (attempt 3/5)...
      call failed (http_404), retrying in 40s (attempt 4/5)...
      call failed (http_404), retrying in 60s (attempt 5/5)...
FAILED (http_404)
  calling: wfg_1f02fad7f5cc ...       call failed (http_404), retrying in 5s (attempt 1/5)...
      call failed (http_404), retrying in 10s (attempt 2/5)...
      call failed (http_404), retrying in 20s (attempt 3/5)...
      call failed (http_404), retrying in 40s (attempt 4/5)...
      call failed (http_404), retrying in 60s (attempt 5/5)...
FAILED (http_404)
  calling: wfg_c18edba7a44b ...       call failed (http_404), retrying in 5s (attempt 1/5)...
      call failed (http_404), retrying in 10s (attempt 2/5)...
      call failed (http_404), retrying in 20s (attempt 3/5)...
      call failed (http_404), retrying in 40s (attempt 4/5)...
      call failed (http_404), retrying in 60s (attempt 5/5)...
FAILED (http_404)
  calling: wfg_33a85a3988c1 ...       call failed (http_404), retrying in 5s (attempt 1/5)...
      call failed (http_404), retrying in 10s (attempt 2/5)...
      call failed (http_404), retrying in 20s (attempt 3/5)...
      call failed (http_404), retrying in 40s (attempt 4/5)...
      call failed (http_404), retrying in 60s (attempt 5/5)...
FAILED (http_404)
  calling: wfg_55c243f253a1 ...       call failed (http_404), retrying in 5s (attempt 1/5)...
      call failed (http_404), retrying in 10s (attempt 2/5)...
      call failed (http_404), retrying in 20s (attempt 3/5)...
      call failed (http_404), retrying in 40s (attempt 4/5)...
      call failed (http_404), retrying in 60s (attempt 5/5)...
FAILED (http_404)

=== wfg / few_shot (30 prompts) ===
  calling: wfg_417dd8d468e4 ...       call failed (http_404), retrying in 5s (attempt 1/5)...
      call failed (http_404), retrying in 10s (attempt 2/5)...
      call failed (http_404), retrying in 20s (attempt 3/5)...
      call failed (http_404), retrying in 40s (attempt 4/5)...
      call failed (http_404), retrying in 60s (attempt 5/5)...
FAILED (http_404)
  calling: wfg_5dd3bc2b761f ...       call failed (http_404), retrying in 5s (attempt 1/5)...
      call failed (http_404), retrying in 10s (attempt 2/5)...
      call failed (http_404), retrying in 20s (attempt 3/5)...
      call failed (http_404), retrying in 40s (attempt 4/5)...
      call failed (http_404), retrying in 60s (attempt 5/5)...
FAILED (http_404)
  calling: wfg_7493fe374806 ...       call failed (http_404), retrying in 5s (attempt 1/5)...
      call failed (http_404), retrying in 10s (attempt 2/5)...
      call failed (http_404), retrying in 20s (attempt 3/5)...
      call failed (http_404), retrying in 40s (attempt 4/5)...
      call failed (http_404), retrying in 60s (attempt 5/5)...
FAILED (http_404)
  calling: wfg_75acae09740d ...       call failed (http_404), retrying in 5s (attempt 1/5)...
      call failed (http_404), retrying in 10s (attempt 2/5)...
      call failed (http_404), retrying in 20s (attempt 3/5)...
      call failed (http_404), retrying in 40s (attempt 4/5)...
      call failed (http_404), retrying in 60s (attempt 5/5)...
FAILED (http_404)
  calling: wfg_6d3225e8cb4c ...       call failed (http_404), retrying in 5s (attempt 1/5)...
      call failed (http_404), retrying in 10s (attempt 2/5)...
      call failed (http_404), retrying in 20s (attempt 3/5)...
      call failed (http_404), retrying in 40s (attempt 4/5)...
      call failed (http_404), retrying in 60s (attempt 5/5)...
FAILED (http_404)
  calling: wfg_b507447891b6 ...       call failed (http_404), retrying in 5s (attempt 1/5)...
      call failed (http_404), retrying in 10s (attempt 2/5)...
      call failed (http_404), retrying in 20s (attempt 3/5)...
      call failed (http_404), retrying in 40s (attempt 4/5)...
      call failed (http_404), retrying in 60s (attempt 5/5)...
FAILED (http_404)
  calling: wfg_f37c7f53b7a8 ...       call failed (http_404), retrying in 5s (attempt 1/5)...
      call failed (http_404), retrying in 10s (attempt 2/5)...
      call failed (http_404), retrying in 20s (attempt 3/5)...
      call failed (http_404), retrying in 40s (attempt 4/5)...
      call failed (http_404), retrying in 60s (attempt 5/5)...
FAILED (http_404)
  calling: wfg_af5db55599b1 ...       call failed (http_404), retrying in 5s (attempt 1/5)...
      call failed (http_404), retrying in 10s (attempt 2/5)...
      call failed (http_404), retrying in 20s (attempt 3/5)...
      call failed (http_404), retrying in 40s (attempt 4/5)...
      call failed (http_404), retrying in 60s (attempt 5/5)...
FAILED (http_404)
  calling: wfg_ab3c636ad930 ...       call failed (http_404), retrying in 5s (attempt 1/5)...
      call failed (http_404), retrying in 10s (attempt 2/5)...
      call failed (http_404), retrying in 20s (attempt 3/5)...
      call failed (http_404), retrying in 40s (attempt 4/5)...
      call failed (http_404), retrying in 60s (attempt 5/5)...
FAILED (http_404)
  calling: wfg_469a2c65243a ...       call failed (http_404), retrying in 5s (attempt 1/5)...
      call failed (http_404), retrying in 10s (attempt 2/5)...
      call failed (http_404), retrying in 20s (attempt 3/5)...
      call failed (http_404), retrying in 40s (attempt 4/5)...
      call failed (http_404), retrying in 60s (attempt 5/5)...
FAILED (http_404)
  calling: wfg_6d4b7cc00456 ...       call failed (http_404), retrying in 5s (attempt 1/5)...
      call failed (http_404), retrying in 10s (attempt 2/5)...
      call failed (http_404), retrying in 20s (attempt 3/5)...
      call failed (http_404), retrying in 40s (attempt 4/5)...
      call failed (http_404), retrying in 60s (attempt 5/5)...
FAILED (http_404)
  calling: wfg_564d936009b5 ...       call failed (http_404), retrying in 5s (attempt 1/5)...
      call failed (http_404), retrying in 10s (attempt 2/5)...
      call failed (http_404), retrying in 20s (attempt 3/5)...
      call failed (http_404), retrying in 40s (attempt 4/5)...
      call failed (http_404), retrying in 60s (attempt 5/5)...
FAILED (http_404)
  calling: wfg_37b668e2a078 ...       call failed (http_404), retrying in 5s (attempt 1/5)...
      call failed (http_404), retrying in 10s (attempt 2/5)...
      call failed (http_404), retrying in 20s (attempt 3/5)...
      call failed (http_404), retrying in 40s (attempt 4/5)...
      call failed (http_404), retrying in 60s (attempt 5/5)...
FAILED (http_404)
  calling: wfg_04eb971e0637 ...       call failed (http_404), retrying in 5s (attempt 1/5)...
      call failed (http_404), retrying in 10s (attempt 2/5)...
      call failed (http_404), retrying in 20s (attempt 3/5)...
      call failed (http_404), retrying in 40s (attempt 4/5)...
      call failed (http_404), retrying in 60s (attempt 5/5)...
FAILED (http_404)
  calling: wfg_ed9fd4005aaf ...       call failed (http_404), retrying in 5s (attempt 1/5)...
      call failed (http_404), retrying in 10s (attempt 2/5)...
      call failed (http_404), retrying in 20s (attempt 3/5)...
      call failed (http_404), retrying in 40s (attempt 4/5)...
      call failed (http_404), retrying in 60s (attempt 5/5)...
FAILED (http_404)
  calling: wfg_d8423683c8d6 ...       call failed (http_404), retrying in 5s (attempt 1/5)...
      call failed (http_404), retrying in 10s (attempt 2/5)...
      call failed (http_404), retrying in 20s (attempt 3/5)...
      call failed (http_404), retrying in 40s (attempt 4/5)...
      call failed (http_404), retrying in 60s (attempt 5/5)...
FAILED (http_404)
  calling: wfg_a145312eb200 ...       call failed (http_404), retrying in 5s (attempt 1/5)...
      call failed (http_404), retrying in 10s (attempt 2/5)...
      call failed (http_404), retrying in 20s (attempt 3/5)...
      call failed (http_404), retrying in 40s (attempt 4/5)...
      call failed (http_404), retrying in 60s (attempt 5/5)...
FAILED (http_404)
  calling: wfg_1f160cd685bb ...       call failed (http_404), retrying in 5s (attempt 1/5)...
      call failed (http_404), retrying in 10s (attempt 2/5)...
      call failed (http_404), retrying in 20s (attempt 3/5)...
      call failed (http_404), retrying in 40s (attempt 4/5)...
      call failed (http_404), retrying in 60s (attempt 5/5)...
FAILED (http_404)
  calling: wfg_0ec67367ebb6 ...       call failed (http_404), retrying in 5s (attempt 1/5)...
      call failed (http_404), retrying in 10s (attempt 2/5)...
      call failed (http_404), retrying in 20s (attempt 3/5)...
      call failed (http_404), retrying in 40s (attempt 4/5)...
      call failed (http_404), retrying in 60s (attempt 5/5)...
FAILED (http_404)
  calling: wfg_b075ff19c8f8 ...       call failed (http_404), retrying in 5s (attempt 1/5)...
      call failed (http_404), retrying in 10s (attempt 2/5)...
      call failed (http_404), retrying in 20s (attempt 3/5)...
      call failed (http_404), retrying in 40s (attempt 4/5)...
      call failed (http_404), retrying in 60s (attempt 5/5)...
FAILED (http_404)
  calling: wfg_34bc6b54f102 ...       call failed (http_404), retrying in 5s (attempt 1/5)...
      call failed (http_404), retrying in 10s (attempt 2/5)...
      call failed (http_404), retrying in 20s (attempt 3/5)...
      call failed (http_404), retrying in 40s (attempt 4/5)...
      call failed (http_404), retrying in 60s (attempt 5/5)...
FAILED (http_404)
  calling: wfg_0d1640042752 ...       call failed (http_404), retrying in 5s (attempt 1/5)...
      call failed (http_404), retrying in 10s (attempt 2/5)...
      call failed (http_404), retrying in 20s (attempt 3/5)...
      call failed (http_404), retrying in 40s (attempt 4/5)...
      call failed (http_404), retrying in 60s (attempt 5/5)...
FAILED (http_404)
  calling: wfg_3ceec919261d ...       call failed (http_404), retrying in 5s (attempt 1/5)...
      call failed (http_404), retrying in 10s (attempt 2/5)...
      call failed (http_404), retrying in 20s (attempt 3/5)...
      call failed (http_404), retrying in 40s (attempt 4/5)...
      call failed (http_404), retrying in 60s (attempt 5/5)...
FAILED (http_404)
  calling: wfg_aebd30c18fd6 ...       call failed (http_404), retrying in 5s (attempt 1/5)...
      call failed (http_404), retrying in 10s (attempt 2/5)...
      call failed (http_404), retrying in 20s (attempt 3/5)...
      call failed (http_404), retrying in 40s (attempt 4/5)...
      call failed (http_404), retrying in 60s (attempt 5/5)...
FAILED (http_404)
  calling: wfg_d07c20613d8e ...       call failed (http_404), retrying in 5s (attempt 1/5)...
      call failed (http_404), retrying in 10s (attempt 2/5)...
      call failed (http_404), retrying in 20s (attempt 3/5)...
      call failed (http_404), retrying in 40s (attempt 4/5)...
      call failed (http_404), retrying in 60s (attempt 5/5)...
FAILED (http_404)
  calling: wfg_a7d34eafc06a ...       call failed (http_404), retrying in 5s (attempt 1/5)...
      call failed (http_404), retrying in 10s (attempt 2/5)...
      call failed (http_404), retrying in 20s (attempt 3/5)...
      call failed (http_404), retrying in 40s (attempt 4/5)...
      call failed (http_404), retrying in 60s (attempt 5/5)...
FAILED (http_404)
  calling: wfg_1f02fad7f5cc ...       call failed (http_404), retrying in 5s (attempt 1/5)...
      call failed (http_404), retrying in 10s (attempt 2/5)...
      call failed (http_404), retrying in 20s (attempt 3/5)...
      call failed (http_404), retrying in 40s (attempt 4/5)...
      call failed (http_404), retrying in 60s (attempt 5/5)...
FAILED (http_404)
  calling: wfg_c18edba7a44b ...       call failed (http_404), retrying in 5s (attempt 1/5)...
      call failed (http_404), retrying in 10s (attempt 2/5)...
      call failed (http_404), retrying in 20s (attempt 3/5)...
      call failed (http_404), retrying in 40s (attempt 4/5)...
      call failed (http_404), retrying in 60s (attempt 5/5)...
FAILED (http_404)
  calling: wfg_33a85a3988c1 ...       call failed (http_404), retrying in 5s (attempt 1/5)...
      call failed (http_404), retrying in 10s (attempt 2/5)...
      call failed (http_404), retrying in 20s (attempt 3/5)...
      call failed (http_404), retrying in 40s (attempt 4/5)...
      call failed (http_404), retrying in 60s (attempt 5/5)...
FAILED (http_404)
  calling: wfg_55c243f253a1 ...       call failed (http_404), retrying in 5s (attempt 1/5)...
      call failed (http_404), retrying in 10s (attempt 2/5)...
      call failed (http_404), retrying in 20s (attempt 3/5)...
      call failed (http_404), retrying in 40s (attempt 4/5)...
      call failed (http_404), retrying in 60s (attempt 5/5)...
FAILED (http_404)

=== wfg / cot (30 prompts) ===
  calling: wfg_417dd8d468e4 ...       call failed (http_404), retrying in 5s (attempt 1/5)...
      call failed (http_404), retrying in 10s (attempt 2/5)...
      call failed (http_404), retrying in 20s (attempt 3/5)...
      call failed (http_404), retrying in 40s (attempt 4/5)...
      call failed (http_404), retrying in 60s (attempt 5/5)...
FAILED (http_404)
  calling: wfg_5dd3bc2b761f ...       call failed (http_404), retrying in 5s (attempt 1/5)...
      call failed (http_404), retrying in 10s (attempt 2/5)...
      call failed (http_404), retrying in 20s (attempt 3/5)...
      call failed (http_404), retrying in 40s (attempt 4/5)...
      call failed (http_404), retrying in 60s (attempt 5/5)...
FAILED (http_404)
  calling: wfg_7493fe374806 ...       call failed (http_404), retrying in 5s (attempt 1/5)...
      call failed (http_404), retrying in 10s (attempt 2/5)...
      call failed (http_404), retrying in 20s (attempt 3/5)...
      call failed (http_404), retrying in 40s (attempt 4/5)...
      call failed (http_404), retrying in 60s (attempt 5/5)...
FAILED (http_404)
  calling: wfg_75acae09740d ...       call failed (http_404), retrying in 5s (attempt 1/5)...
      call failed (http_404), retrying in 10s (attempt 2/5)...
      call failed (http_404), retrying in 20s (attempt 3/5)...
      call failed (http_404), retrying in 40s (attempt 4/5)...
      call failed (http_404), retrying in 60s (attempt 5/5)...
FAILED (http_404)
  calling: wfg_6d3225e8cb4c ...       call failed (http_404), retrying in 5s (attempt 1/5)...
      call failed (http_404), retrying in 10s (attempt 2/5)...
      call failed (http_404), retrying in 20s (attempt 3/5)...
      call failed (http_404), retrying in 40s (attempt 4/5)...
      call failed (http_404), retrying in 60s (attempt 5/5)...
FAILED (http_404)
  calling: wfg_b507447891b6 ...       call failed (http_404), retrying in 5s (attempt 1/5)...
      call failed (http_404), retrying in 10s (attempt 2/5)...
      call failed (http_404), retrying in 20s (attempt 3/5)...
      call failed (http_404), retrying in 40s (attempt 4/5)...
      call failed (http_404), retrying in 60s (attempt 5/5)...
FAILED (http_404)
  calling: wfg_f37c7f53b7a8 ...       call failed (http_404), retrying in 5s (attempt 1/5)...
      call failed (http_404), retrying in 10s (attempt 2/5)...
      call failed (http_404), retrying in 20s (attempt 3/5)...
      call failed (http_404), retrying in 40s (attempt 4/5)...
      call failed (http_404), retrying in 60s (attempt 5/5)...
FAILED (http_404)
  calling: wfg_af5db55599b1 ...       call failed (http_404), retrying in 5s (attempt 1/5)...
      call failed (http_404), retrying in 10s (attempt 2/5)...
      call failed (http_404), retrying in 20s (attempt 3/5)...
      call failed (http_404), retrying in 40s (attempt 4/5)...
      call failed (http_404), retrying in 60s (attempt 5/5)...
FAILED (http_404)
  calling: wfg_ab3c636ad930 ...       call failed (http_404), retrying in 5s (attempt 1/5)...
      call failed (http_404), retrying in 10s (attempt 2/5)...
      call failed (http_404), retrying in 20s (attempt 3/5)...
      call failed (http_404), retrying in 40s (attempt 4/5)...
      call failed (http_404), retrying in 60s (attempt 5/5)...
FAILED (http_404)
  calling: wfg_469a2c65243a ...       call failed (http_404), retrying in 5s (attempt 1/5)...
      call failed (http_404), retrying in 10s (attempt 2/5)...
      call failed (http_404), retrying in 20s (attempt 3/5)...
      call failed (http_404), retrying in 40s (attempt 4/5)...
      call failed (http_404), retrying in 60s (attempt 5/5)...
FAILED (http_404)
  calling: wfg_6d4b7cc00456 ...       call failed (http_404), retrying in 5s (attempt 1/5)...
      call failed (http_404), retrying in 10s (attempt 2/5)...
      call failed (http_404), retrying in 20s (attempt 3/5)...
      call failed (http_404), retrying in 40s (attempt 4/5)...
      call failed (http_404), retrying in 60s (attempt 5/5)...
FAILED (http_404)
  calling: wfg_564d936009b5 ...       call failed (http_404), retrying in 5s (attempt 1/5)...
      call failed (http_404), retrying in 10s (attempt 2/5)...
      call failed (http_404), retrying in 20s (attempt 3/5)...
      call failed (http_404), retrying in 40s (attempt 4/5)...
      call failed (http_404), retrying in 60s (attempt 5/5)...
FAILED (http_404)
  calling: wfg_37b668e2a078 ...       call failed (http_404), retrying in 5s (attempt 1/5)...
      call failed (http_404), retrying in 10s (attempt 2/5)...
      call failed (http_404), retrying in 20s (attempt 3/5)...
      call failed (http_404), retrying in 40s (attempt 4/5)...
      call failed (http_404), retrying in 60s (attempt 5/5)...
FAILED (http_404)
  calling: wfg_04eb971e0637 ...       call failed (http_404), retrying in 5s (attempt 1/5)...
      call failed (http_404), retrying in 10s (attempt 2/5)...
      call failed (http_404), retrying in 20s (attempt 3/5)...
      call failed (http_404), retrying in 40s (attempt 4/5)...
      call failed (http_404), retrying in 60s (attempt 5/5)...
FAILED (http_404)
  calling: wfg_ed9fd4005aaf ...       call failed (http_404), retrying in 5s (attempt 1/5)...
      call failed (http_404), retrying in 10s (attempt 2/5)...
      call failed (http_404), retrying in 20s (attempt 3/5)...
      call failed (http_404), retrying in 40s (attempt 4/5)...
      call failed (http_404), retrying in 60s (attempt 5/5)...
FAILED (http_404)
  calling: wfg_d8423683c8d6 ...       call failed (http_404), retrying in 5s (attempt 1/5)...
      call failed (http_404), retrying in 10s (attempt 2/5)...
      call failed (http_404), retrying in 20s (attempt 3/5)...
      call failed (http_404), retrying in 40s (attempt 4/5)...
      call failed (http_404), retrying in 60s (attempt 5/5)...
FAILED (http_404)
  calling: wfg_a145312eb200 ...       call failed (http_404), retrying in 5s (attempt 1/5)...
      call failed (http_404), retrying in 10s (attempt 2/5)...
      call failed (http_404), retrying in 20s (attempt 3/5)...
      call failed (http_404), retrying in 40s (attempt 4/5)...
      call failed (http_404), retrying in 60s (attempt 5/5)...
FAILED (http_404)
  calling: wfg_1f160cd685bb ...       call failed (http_404), retrying in 5s (attempt 1/5)...
      call failed (http_404), retrying in 10s (attempt 2/5)...
      call failed (http_404), retrying in 20s (attempt 3/5)...
      call failed (http_404), retrying in 40s (attempt 4/5)...
      call failed (http_404), retrying in 60s (attempt 5/5)...
FAILED (http_404)
  calling: wfg_0ec67367ebb6 ...       call failed (http_404), retrying in 5s (attempt 1/5)...
      call failed (http_404), retrying in 10s (attempt 2/5)...
      call failed (http_404), retrying in 20s (attempt 3/5)...
      call failed (http_404), retrying in 40s (attempt 4/5)...
      call failed (http_404), retrying in 60s (attempt 5/5)...
FAILED (http_404)
  calling: wfg_b075ff19c8f8 ...       call failed (http_404), retrying in 5s (attempt 1/5)...
      call failed (http_404), retrying in 10s (attempt 2/5)...
      call failed (http_404), retrying in 20s (attempt 3/5)...
      call failed (http_404), retrying in 40s (attempt 4/5)...
      call failed (http_404), retrying in 60s (attempt 5/5)...
FAILED (http_404)
  calling: wfg_34bc6b54f102 ...       call failed (http_404), retrying in 5s (attempt 1/5)...
      call failed (http_404), retrying in 10s (attempt 2/5)...
      call failed (http_404), retrying in 20s (attempt 3/5)...
      call failed (http_404), retrying in 40s (attempt 4/5)...
      call failed (http_404), retrying in 60s (attempt 5/5)...
FAILED (http_404)
  calling: wfg_0d1640042752 ...       call failed (http_404), retrying in 5s (attempt 1/5)...
      call failed (http_404), retrying in 10s (attempt 2/5)...
      call failed (http_404), retrying in 20s (attempt 3/5)...
      call failed (http_404), retrying in 40s (attempt 4/5)...
      call failed (http_404), retrying in 60s (attempt 5/5)...
FAILED (http_404)
  calling: wfg_3ceec919261d ...       call failed (http_404), retrying in 5s (attempt 1/5)...
      call failed (http_404), retrying in 10s (attempt 2/5)...
      call failed (http_404), retrying in 20s (attempt 3/5)...
      call failed (http_404), retrying in 40s (attempt 4/5)...
      call failed (http_404), retrying in 60s (attempt 5/5)...
FAILED (http_404)
  calling: wfg_aebd30c18fd6 ...       call failed (http_404), retrying in 5s (attempt 1/5)...
      call failed (http_404), retrying in 10s (attempt 2/5)...
      call failed (http_404), retrying in 20s (attempt 3/5)...
      call failed (http_404), retrying in 40s (attempt 4/5)...
      call failed (http_404), retrying in 60s (attempt 5/5)...
FAILED (http_404)
  calling: wfg_d07c20613d8e ...       call failed (http_404), retrying in 5s (attempt 1/5)...
      call failed (http_404), retrying in 10s (attempt 2/5)...
      call failed (http_404), retrying in 20s (attempt 3/5)...
      call failed (http_404), retrying in 40s (attempt 4/5)...
      call failed (http_404), retrying in 60s (attempt 5/5)...
FAILED (http_404)
  calling: wfg_a7d34eafc06a ...       call failed (http_404), retrying in 5s (attempt 1/5)...
      call failed (http_404), retrying in 10s (attempt 2/5)...
      call failed (http_404), retrying in 20s (attempt 3/5)...
      call failed (http_404), retrying in 40s (attempt 4/5)...
      call failed (http_404), retrying in 60s (attempt 5/5)...
FAILED (http_404)
  calling: wfg_1f02fad7f5cc ...       call failed (http_404), retrying in 5s (attempt 1/5)...
      call failed (http_404), retrying in 10s (attempt 2/5)...
      call failed (http_404), retrying in 20s (attempt 3/5)...
      call failed (http_404), retrying in 40s (attempt 4/5)...
      call failed (http_404), retrying in 60s (attempt 5/5)...
FAILED (http_404)
  calling: wfg_c18edba7a44b ...       call failed (http_404), retrying in 5s (attempt 1/5)...
      call failed (http_404), retrying in 10s (attempt 2/5)...
      call failed (http_404), retrying in 20s (attempt 3/5)...
      call failed (http_404), retrying in 40s (attempt 4/5)...
      call failed (http_404), retrying in 60s (attempt 5/5)...
FAILED (http_404)
  calling: wfg_33a85a3988c1 ...       call failed (http_404), retrying in 5s (attempt 1/5)...
      call failed (http_404), retrying in 10s (attempt 2/5)...
      call failed (http_404), retrying in 20s (attempt 3/5)...
      call failed (http_404), retrying in 40s (attempt 4/5)...
      call failed (http_404), retrying in 60s (attempt 5/5)...
FAILED (http_404)
  calling: wfg_55c243f253a1 ...       call failed (http_404), retrying in 5s (attempt 1/5)...
      call failed (http_404), retrying in 10s (attempt 2/5)...
      call failed (http_404), retrying in 20s (attempt 3/5)...
      call failed (http_404), retrying in 40s (attempt 4/5)...
      call failed (http_404), retrying in 60s (attempt 5/5)...
FAILED (http_404)

=== bankers / zero_shot (30 prompts) ===
  calling: bankers_6f10924ab565 ...       call failed (http_404), retrying in 5s (attempt 1/5)...
      call failed (http_404), retrying in 10s (attempt 2/5)...
      call failed (http_404), retrying in 20s (attempt 3/5)...
      call failed (http_404), retrying in 40s (attempt 4/5)...
      call failed (http_404), retrying in 60s (attempt 5/5)...
FAILED (http_404)
  calling: bankers_edf089e93bfa ...       call failed (http_404), retrying in 5s (attempt 1/5)...
      call failed (http_404), retrying in 10s (attempt 2/5)...
      call failed (http_404), retrying in 20s (attempt 3/5)...
      call failed (http_404), retrying in 40s (attempt 4/5)...
      call failed (http_404), retrying in 60s (attempt 5/5)...
FAILED (http_404)
  calling: bankers_0798e0347eac ...       call failed (http_404), retrying in 5s (attempt 1/5)...
      call failed (http_404), retrying in 10s (attempt 2/5)...
      call failed (http_404), retrying in 20s (attempt 3/5)...
      call failed (http_404), retrying in 40s (attempt 4/5)...
      call failed (http_404), retrying in 60s (attempt 5/5)...
FAILED (http_404)
  calling: bankers_a8f5dfcc9b26 ...       call failed (http_404), retrying in 5s (attempt 1/5)...
      call failed (http_404), retrying in 10s (attempt 2/5)...
      call failed (http_404), retrying in 20s (attempt 3/5)...
      call failed (http_404), retrying in 40s (attempt 4/5)...
      call failed (http_404), retrying in 60s (attempt 5/5)...
FAILED (http_404)
  calling: bankers_04efb5729513 ...       call failed (http_404), retrying in 5s (attempt 1/5)...
      call failed (http_404), retrying in 10s (attempt 2/5)...
      call failed (http_404), retrying in 20s (attempt 3/5)...
      call failed (http_404), retrying in 40s (attempt 4/5)...
      call failed (http_404), retrying in 60s (attempt 5/5)...
FAILED (http_404)
  calling: bankers_3ec4aba2a019 ...       call failed (http_404), retrying in 5s (attempt 1/5)...
      call failed (http_404), retrying in 10s (attempt 2/5)...
      call failed (http_404), retrying in 20s (attempt 3/5)...
      call failed (http_404), retrying in 40s (attempt 4/5)...
      call failed (http_404), retrying in 60s (attempt 5/5)...
FAILED (http_404)
  calling: bankers_8b264a279dbd ...       call failed (http_404), retrying in 5s (attempt 1/5)...
      call failed (http_404), retrying in 10s (attempt 2/5)...
      call failed (http_404), retrying in 20s (attempt 3/5)...
      call failed (http_404), retrying in 40s (attempt 4/5)...
      call failed (http_404), retrying in 60s (attempt 5/5)...
FAILED (http_404)
  calling: bankers_feb8aa465b66 ...       call failed (http_404), retrying in 5s (attempt 1/5)...
      call failed (http_404), retrying in 10s (attempt 2/5)...
      call failed (http_404), retrying in 20s (attempt 3/5)...
      call failed (http_404), retrying in 40s (attempt 4/5)...
      call failed (http_404), retrying in 60s (attempt 5/5)...
FAILED (http_404)
  calling: bankers_ca2c4323bf9a ...       call failed (http_404), retrying in 5s (attempt 1/5)...
      call failed (http_404), retrying in 10s (attempt 2/5)...
      call failed (http_404), retrying in 20s (attempt 3/5)...
      call failed (http_404), retrying in 40s (attempt 4/5)...
      call failed (http_404), retrying in 60s (attempt 5/5)...
FAILED (http_404)
  calling: bankers_0f4ea61f9899 ...       call failed (http_404), retrying in 5s (attempt 1/5)...
      call failed (http_404), retrying in 10s (attempt 2/5)...
      call failed (http_404), retrying in 20s (attempt 3/5)...
      call failed (http_404), retrying in 40s (attempt 4/5)...
      call failed (http_404), retrying in 60s (attempt 5/5)...
FAILED (http_404)
  calling: bankers_b0d499478685 ...       call failed (http_404), retrying in 5s (attempt 1/5)...
      call failed (http_404), retrying in 10s (attempt 2/5)...
      call failed (http_404), retrying in 20s (attempt 3/5)...
      call failed (http_404), retrying in 40s (attempt 4/5)...
      call failed (http_404), retrying in 60s (attempt 5/5)...
FAILED (http_404)
  calling: bankers_8bcbf9a168c8 ...       call failed (http_404), retrying in 5s (attempt 1/5)...
      call failed (http_404), retrying in 10s (attempt 2/5)...
      call failed (http_404), retrying in 20s (attempt 3/5)...
      call failed (http_404), retrying in 40s (attempt 4/5)...
      call failed (http_404), retrying in 60s (attempt 5/5)...
FAILED (http_404)
  calling: bankers_087a914651f6 ...       call failed (http_404), retrying in 5s (attempt 1/5)...
      call failed (http_404), retrying in 10s (attempt 2/5)...
      call failed (http_404), retrying in 20s (attempt 3/5)...
      call failed (http_404), retrying in 40s (attempt 4/5)...
      call failed (http_404), retrying in 60s (attempt 5/5)...
FAILED (http_404)
  calling: bankers_52b678191293 ...       call failed (http_404), retrying in 5s (attempt 1/5)...
      call failed (http_404), retrying in 10s (attempt 2/5)...
      call failed (http_404), retrying in 20s (attempt 3/5)...
      call failed (http_404), retrying in 40s (attempt 4/5)...
      call failed (http_404), retrying in 60s (attempt 5/5)...
FAILED (http_404)
  calling: bankers_8ad3e4c80fea ...       call failed (http_404), retrying in 5s (attempt 1/5)...
      call failed (http_404), retrying in 10s (attempt 2/5)...
      call failed (http_404), retrying in 20s (attempt 3/5)...
      call failed (http_404), retrying in 40s (attempt 4/5)...
      call failed (http_404), retrying in 60s (attempt 5/5)...
FAILED (http_404)
  calling: bankers_9b87c54ebde0 ...       call failed (http_404), retrying in 5s (attempt 1/5)...
      call failed (http_404), retrying in 10s (attempt 2/5)...
      call failed (http_404), retrying in 20s (attempt 3/5)...
      call failed (http_404), retrying in 40s (attempt 4/5)...
      call failed (http_404), retrying in 60s (attempt 5/5)...
FAILED (http_404)
  calling: bankers_9ee4952f8585 ...       call failed (http_404), retrying in 5s (attempt 1/5)...
      call failed (http_404), retrying in 10s (attempt 2/5)...
      call failed (http_404), retrying in 20s (attempt 3/5)...
      call failed (http_404), retrying in 40s (attempt 4/5)...
      call failed (http_404), retrying in 60s (attempt 5/5)...
FAILED (http_404)
  calling: bankers_42eb49a1cc03 ...       call failed (http_404), retrying in 5s (attempt 1/5)...
      call failed (http_404), retrying in 10s (attempt 2/5)...
      call failed (http_404), retrying in 20s (attempt 3/5)...
      call failed (http_404), retrying in 40s (attempt 4/5)...
      call failed (http_404), retrying in 60s (attempt 5/5)...
FAILED (http_404)
  calling: bankers_ec2be33bef2f ...       call failed (http_404), retrying in 5s (attempt 1/5)...
      call failed (http_404), retrying in 10s (attempt 2/5)...
      call failed (http_404), retrying in 20s (attempt 3/5)...
      call failed (http_404), retrying in 40s (attempt 4/5)...
      call failed (http_404), retrying in 60s (attempt 5/5)...
FAILED (http_404)
  calling: bankers_437d9af49ed5 ...       call failed (http_404), retrying in 5s (attempt 1/5)...
      call failed (http_404), retrying in 10s (attempt 2/5)...
      call failed (http_404), retrying in 20s (attempt 3/5)...
      call failed (http_404), retrying in 40s (attempt 4/5)...
      call failed (http_404), retrying in 60s (attempt 5/5)...
FAILED (http_404)
  calling: bankers_d3945305b6bb ...       call failed (http_404), retrying in 5s (attempt 1/5)...
      call failed (http_404), retrying in 10s (attempt 2/5)...
      call failed (http_404), retrying in 20s (attempt 3/5)...
      call failed (http_404), retrying in 40s (attempt 4/5)...
      call failed (http_404), retrying in 60s (attempt 5/5)...
FAILED (http_404)
  calling: bankers_eb86ed643627 ...       call failed (http_404), retrying in 5s (attempt 1/5)...
      call failed (http_404), retrying in 10s (attempt 2/5)...
      call failed (http_404), retrying in 20s (attempt 3/5)...
      call failed (http_404), retrying in 40s (attempt 4/5)...
      call failed (http_404), retrying in 60s (attempt 5/5)...
FAILED (http_404)
  calling: bankers_df8f1266549d ...       call failed (http_404), retrying in 5s (attempt 1/5)...
      call failed (http_404), retrying in 10s (attempt 2/5)...
      call failed (http_404), retrying in 20s (attempt 3/5)...
      call failed (http_404), retrying in 40s (attempt 4/5)...
      call failed (http_404), retrying in 60s (attempt 5/5)...
FAILED (http_404)
  calling: bankers_61f73c9e70c3 ...       call failed (http_404), retrying in 5s (attempt 1/5)...
      call failed (http_404), retrying in 10s (attempt 2/5)...
      call failed (http_404), retrying in 20s (attempt 3/5)...
      call failed (http_404), retrying in 40s (attempt 4/5)...
      call failed (http_404), retrying in 60s (attempt 5/5)...
FAILED (http_404)
  calling: bankers_5ef44d5a5234 ...       call failed (http_404), retrying in 5s (attempt 1/5)...
      call failed (http_404), retrying in 10s (attempt 2/5)...
      call failed (http_404), retrying in 20s (attempt 3/5)...
      call failed (http_404), retrying in 40s (attempt 4/5)...
      call failed (http_404), retrying in 60s (attempt 5/5)...
FAILED (http_404)
  calling: bankers_ce12e004f603 ...       call failed (http_404), retrying in 5s (attempt 1/5)...
      call failed (http_404), retrying in 10s (attempt 2/5)...
      call failed (http_404), retrying in 20s (attempt 3/5)...
      call failed (http_404), retrying in 40s (attempt 4/5)...
      call failed (http_404), retrying in 60s (attempt 5/5)...
FAILED (http_404)
  calling: bankers_733aeb4350f0 ...       call failed (http_404), retrying in 5s (attempt 1/5)...
      call failed (http_404), retrying in 10s (attempt 2/5)...
      call failed (http_404), retrying in 20s (attempt 3/5)...
      call failed (http_404), retrying in 40s (attempt 4/5)...
      call failed (http_404), retrying in 60s (attempt 5/5)...
FAILED (http_404)
  calling: bankers_bb412abb401b ...       call failed (http_404), retrying in 5s (attempt 1/5)...
      call failed (http_404), retrying in 10s (attempt 2/5)...
      call failed (http_404), retrying in 20s (attempt 3/5)...
      call failed (http_404), retrying in 40s (attempt 4/5)...
      call failed (http_404), retrying in 60s (attempt 5/5)...
FAILED (http_404)
  calling: bankers_4cf71d568433 ...       call failed (http_404), retrying in 5s (attempt 1/5)...
      call failed (http_404), retrying in 10s (attempt 2/5)...
      call failed (http_404), retrying in 20s (attempt 3/5)...
      call failed (http_404), retrying in 40s (attempt 4/5)...
      call failed (http_404), retrying in 60s (attempt 5/5)...
FAILED (http_404)
  calling: bankers_fa13f76c0ccd ...       call failed (http_404), retrying in 5s (attempt 1/5)...
      call failed (http_404), retrying in 10s (attempt 2/5)...
      call failed (http_404), retrying in 20s (attempt 3/5)...
      call failed (http_404), retrying in 40s (attempt 4/5)...
      call failed (http_404), retrying in 60s (attempt 5/5)...
FAILED (http_404)

=== bankers / few_shot (30 prompts) ===
  calling: bankers_6f10924ab565 ...       call failed (http_404), retrying in 5s (attempt 1/5)...
      call failed (http_404), retrying in 10s (attempt 2/5)...
      call failed (http_404), retrying in 20s (attempt 3/5)...
      call failed (http_404), retrying in 40s (attempt 4/5)...
      call failed (http_404), retrying in 60s (attempt 5/5)...
FAILED (http_404)
  calling: bankers_edf089e93bfa ...       call failed (http_404), retrying in 5s (attempt 1/5)...
      call failed (http_404), retrying in 10s (attempt 2/5)...
      call failed (http_404), retrying in 20s (attempt 3/5)...
      call failed (http_404), retrying in 40s (attempt 4/5)...
      call failed (http_404), retrying in 60s (attempt 5/5)...
FAILED (http_404)
  calling: bankers_0798e0347eac ...       call failed (http_404), retrying in 5s (attempt 1/5)...
      call failed (http_404), retrying in 10s (attempt 2/5)...
      call failed (http_404), retrying in 20s (attempt 3/5)...
      call failed (http_404), retrying in 40s (attempt 4/5)...
      call failed (http_404), retrying in 60s (attempt 5/5)...
FAILED (http_404)
  calling: bankers_a8f5dfcc9b26 ...       call failed (http_404), retrying in 5s (attempt 1/5)...
      call failed (http_404), retrying in 10s (attempt 2/5)...
      call failed (http_404), retrying in 20s (attempt 3/5)...
      call failed (http_404), retrying in 40s (attempt 4/5)...
      call failed (http_404), retrying in 60s (attempt 5/5)...
FAILED (http_404)
  calling: bankers_04efb5729513 ...       call failed (http_404), retrying in 5s (attempt 1/5)...
      call failed (http_404), retrying in 10s (attempt 2/5)...
      call failed (http_404), retrying in 20s (attempt 3/5)...
      call failed (http_404), retrying in 40s (attempt 4/5)...
      call failed (http_404), retrying in 60s (attempt 5/5)...
FAILED (http_404)
  calling: bankers_3ec4aba2a019 ...       call failed (http_404), retrying in 5s (attempt 1/5)...
      call failed (http_404), retrying in 10s (attempt 2/5)...
      call failed (http_404), retrying in 20s (attempt 3/5)...
      call failed (http_404), retrying in 40s (attempt 4/5)...
      call failed (http_404), retrying in 60s (attempt 5/5)...
FAILED (http_404)
  calling: bankers_8b264a279dbd ...       call failed (http_404), retrying in 5s (attempt 1/5)...
      call failed (http_404), retrying in 10s (attempt 2/5)...
      call failed (http_404), retrying in 20s (attempt 3/5)...
      call failed (http_404), retrying in 40s (attempt 4/5)...
      call failed (http_404), retrying in 60s (attempt 5/5)...
FAILED (http_404)
  calling: bankers_feb8aa465b66 ...       call failed (http_404), retrying in 5s (attempt 1/5)...
      call failed (http_404), retrying in 10s (attempt 2/5)...
      call failed (http_404), retrying in 20s (attempt 3/5)...
      call failed (http_404), retrying in 40s (attempt 4/5)...
      call failed (http_404), retrying in 60s (attempt 5/5)...
FAILED (http_404)
  calling: bankers_ca2c4323bf9a ...       call failed (http_404), retrying in 5s (attempt 1/5)...
      call failed (http_404), retrying in 10s (attempt 2/5)...
      call failed (http_404), retrying in 20s (attempt 3/5)...
      call failed (http_404), retrying in 40s (attempt 4/5)...
      call failed (http_404), retrying in 60s (attempt 5/5)...
FAILED (http_404)
  calling: bankers_0f4ea61f9899 ...       call failed (http_404), retrying in 5s (attempt 1/5)...
      call failed (http_404), retrying in 10s (attempt 2/5)...
      call failed (http_404), retrying in 20s (attempt 3/5)...
      call failed (http_404), retrying in 40s (attempt 4/5)...
      call failed (http_404), retrying in 60s (attempt 5/5)...
FAILED (http_404)
  calling: bankers_b0d499478685 ...       call failed (http_404), retrying in 5s (attempt 1/5)...
      call failed (http_404), retrying in 10s (attempt 2/5)...
      call failed (http_404), retrying in 20s (attempt 3/5)...
      call failed (http_404), retrying in 40s (attempt 4/5)...
      call failed (http_404), retrying in 60s (attempt 5/5)...
FAILED (http_404)
  calling: bankers_8bcbf9a168c8 ...       call failed (http_404), retrying in 5s (attempt 1/5)...
      call failed (http_404), retrying in 10s (attempt 2/5)...
      call failed (http_404), retrying in 20s (attempt 3/5)...
      call failed (http_404), retrying in 40s (attempt 4/5)...
      call failed (http_404), retrying in 60s (attempt 5/5)...
FAILED (http_404)
  calling: bankers_087a914651f6 ...       call failed (http_404), retrying in 5s (attempt 1/5)...
      call failed (http_404), retrying in 10s (attempt 2/5)...
      call failed (http_404), retrying in 20s (attempt 3/5)...
      call failed (http_404), retrying in 40s (attempt 4/5)...
      call failed (http_404), retrying in 60s (attempt 5/5)...
FAILED (http_404)
  calling: bankers_52b678191293 ...       call failed (http_404), retrying in 5s (attempt 1/5)...
      call failed (http_404), retrying in 10s (attempt 2/5)...
      call failed (http_404), retrying in 20s (attempt 3/5)...
      call failed (http_404), retrying in 40s (attempt 4/5)...
      call failed (http_404), retrying in 60s (attempt 5/5)...
FAILED (http_404)
  calling: bankers_8ad3e4c80fea ...       call failed (http_404), retrying in 5s (attempt 1/5)...
      call failed (http_404), retrying in 10s (attempt 2/5)...
      call failed (http_404), retrying in 20s (attempt 3/5)...
      call failed (http_404), retrying in 40s (attempt 4/5)...
      call failed (http_404), retrying in 60s (attempt 5/5)...
FAILED (http_404)
  calling: bankers_9b87c54ebde0 ...       call failed (http_404), retrying in 5s (attempt 1/5)...
      call failed (http_404), retrying in 10s (attempt 2/5)...
      call failed (http_404), retrying in 20s (attempt 3/5)...
      call failed (http_404), retrying in 40s (attempt 4/5)...
      call failed (http_404), retrying in 60s (attempt 5/5)...
FAILED (http_404)
  calling: bankers_9ee4952f8585 ...       call failed (http_404), retrying in 5s (attempt 1/5)...
      call failed (http_404), retrying in 10s (attempt 2/5)...
      call failed (http_404), retrying in 20s (attempt 3/5)...
      call failed (http_404), retrying in 40s (attempt 4/5)...
      call failed (http_404), retrying in 60s (attempt 5/5)...
FAILED (http_404)
  calling: bankers_42eb49a1cc03 ...       call failed (http_404), retrying in 5s (attempt 1/5)...
      call failed (http_404), retrying in 10s (attempt 2/5)...
      call failed (http_404), retrying in 20s (attempt 3/5)...
      call failed (http_404), retrying in 40s (attempt 4/5)...
      call failed (http_404), retrying in 60s (attempt 5/5)...
FAILED (http_404)
  calling: bankers_ec2be33bef2f ...       call failed (http_404), retrying in 5s (attempt 1/5)...
      call failed (http_404), retrying in 10s (attempt 2/5)...
      call failed (http_404), retrying in 20s (attempt 3/5)...
      call failed (http_404), retrying in 40s (attempt 4/5)...
      call failed (http_404), retrying in 60s (attempt 5/5)...
FAILED (http_404)
  calling: bankers_437d9af49ed5 ...       call failed (http_404), retrying in 5s (attempt 1/5)...
      call failed (http_404), retrying in 10s (attempt 2/5)...
      call failed (http_404), retrying in 20s (attempt 3/5)...
      call failed (http_404), retrying in 40s (attempt 4/5)...
      call failed (http_404), retrying in 60s (attempt 5/5)...
FAILED (http_404)
  calling: bankers_d3945305b6bb ...       call failed (http_404), retrying in 5s (attempt 1/5)...
      call failed (http_404), retrying in 10s (attempt 2/5)...
      call failed (http_404), retrying in 20s (attempt 3/5)...
      call failed (http_404), retrying in 40s (attempt 4/5)...
      call failed (http_404), retrying in 60s (attempt 5/5)...
FAILED (http_404)
  calling: bankers_eb86ed643627 ...       call failed (http_404), retrying in 5s (attempt 1/5)...
      call failed (http_404), retrying in 10s (attempt 2/5)...
      call failed (http_404), retrying in 20s (attempt 3/5)...
      call failed (http_404), retrying in 40s (attempt 4/5)...
      call failed (http_404), retrying in 60s (attempt 5/5)...
FAILED (http_404)
  calling: bankers_df8f1266549d ...       call failed (http_404), retrying in 5s (attempt 1/5)...
      call failed (http_404), retrying in 10s (attempt 2/5)...
      call failed (http_404), retrying in 20s (attempt 3/5)...
      call failed (http_404), retrying in 40s (attempt 4/5)...
      call failed (http_404), retrying in 60s (attempt 5/5)...
FAILED (http_404)
  calling: bankers_61f73c9e70c3 ...       call failed (http_404), retrying in 5s (attempt 1/5)...
      call failed (http_404), retrying in 10s (attempt 2/5)...
      call failed (http_404), retrying in 20s (attempt 3/5)...
      call failed (http_404), retrying in 40s (attempt 4/5)...
      call failed (http_404), retrying in 60s (attempt 5/5)...
FAILED (http_404)
  calling: bankers_5ef44d5a5234 ...       call failed (http_404), retrying in 5s (attempt 1/5)...
      call failed (http_404), retrying in 10s (attempt 2/5)...
      call failed (http_404), retrying in 20s (attempt 3/5)...
      call failed (http_404), retrying in 40s (attempt 4/5)...
      call failed (http_404), retrying in 60s (attempt 5/5)...
FAILED (http_404)
  calling: bankers_ce12e004f603 ...       call failed (http_404), retrying in 5s (attempt 1/5)...
      call failed (http_404), retrying in 10s (attempt 2/5)...
      call failed (http_404), retrying in 20s (attempt 3/5)...
      call failed (http_404), retrying in 40s (attempt 4/5)...
      call failed (http_404), retrying in 60s (attempt 5/5)...
FAILED (http_404)
  calling: bankers_733aeb4350f0 ...       call failed (http_404), retrying in 5s (attempt 1/5)...
      call failed (http_404), retrying in 10s (attempt 2/5)...
      call failed (http_404), retrying in 20s (attempt 3/5)...
      call failed (http_404), retrying in 40s (attempt 4/5)...
      call failed (http_404), retrying in 60s (attempt 5/5)...
FAILED (http_404)
  calling: bankers_bb412abb401b ...       call failed (http_404), retrying in 5s (attempt 1/5)...
      call failed (http_404), retrying in 10s (attempt 2/5)...
      call failed (http_404), retrying in 20s (attempt 3/5)...
      call failed (http_404), retrying in 40s (attempt 4/5)...
      call failed (http_404), retrying in 60s (attempt 5/5)...
FAILED (http_404)
  calling: bankers_4cf71d568433 ...       call failed (http_404), retrying in 5s (attempt 1/5)...
      call failed (http_404), retrying in 10s (attempt 2/5)...
      call failed (http_404), retrying in 20s (attempt 3/5)...
      call failed (http_404), retrying in 40s (attempt 4/5)...
      call failed (http_404), retrying in 60s (attempt 5/5)...
FAILED (http_404)
  calling: bankers_fa13f76c0ccd ...       call failed (http_404), retrying in 5s (attempt 1/5)...
      call failed (http_404), retrying in 10s (attempt 2/5)...
      call failed (http_404), retrying in 20s (attempt 3/5)...
      call failed (http_404), retrying in 40s (attempt 4/5)...
      call failed (http_404), retrying in 60s (attempt 5/5)...
FAILED (http_404)

=== bankers / cot (30 prompts) ===
  calling: bankers_6f10924ab565 ...       call failed (http_404), retrying in 5s (attempt 1/5)...
      call failed (http_404), retrying in 10s (attempt 2/5)...
      call failed (http_404), retrying in 20s (attempt 3/5)...
      call failed (http_404), retrying in 40s (attempt 4/5)...
      call failed (http_404), retrying in 60s (attempt 5/5)...
FAILED (http_404)
  calling: bankers_edf089e93bfa ...       call failed (http_404), retrying in 5s (attempt 1/5)...
      call failed (http_404), retrying in 10s (attempt 2/5)...
      call failed (http_404), retrying in 20s (attempt 3/5)...
      call failed (http_404), retrying in 40s (attempt 4/5)...
      call failed (http_404), retrying in 60s (attempt 5/5)...
FAILED (http_404)
  calling: bankers_0798e0347eac ...       call failed (http_404), retrying in 5s (attempt 1/5)...
      call failed (http_404), retrying in 10s (attempt 2/5)...
      call failed (http_404), retrying in 20s (attempt 3/5)...
      call failed (http_404), retrying in 40s (attempt 4/5)...
      call failed (http_404), retrying in 60s (attempt 5/5)...
FAILED (http_404)
  calling: bankers_a8f5dfcc9b26 ...       call failed (http_404), retrying in 5s (attempt 1/5)...
      call failed (http_404), retrying in 10s (attempt 2/5)...
      call failed (http_404), retrying in 20s (attempt 3/5)...
      call failed (http_404), retrying in 40s (attempt 4/5)...
      call failed (http_404), retrying in 60s (attempt 5/5)...
FAILED (http_404)
  calling: bankers_04efb5729513 ...       call failed (http_404), retrying in 5s (attempt 1/5)...
      call failed (http_404), retrying in 10s (attempt 2/5)...
      call failed (http_404), retrying in 20s (attempt 3/5)...
      call failed (http_404), retrying in 40s (attempt 4/5)...
      call failed (http_404), retrying in 60s (attempt 5/5)...
FAILED (http_404)
  calling: bankers_3ec4aba2a019 ...       call failed (http_404), retrying in 5s (attempt 1/5)...
      call failed (http_404), retrying in 10s (attempt 2/5)...
      call failed (http_404), retrying in 20s (attempt 3/5)...
      call failed (http_404), retrying in 40s (attempt 4/5)...
      call failed (http_404), retrying in 60s (attempt 5/5)...
FAILED (http_404)
  calling: bankers_8b264a279dbd ...       call failed (http_404), retrying in 5s (attempt 1/5)...
      call failed (http_404), retrying in 10s (attempt 2/5)...
      call failed (http_404), retrying in 20s (attempt 3/5)...
      call failed (http_404), retrying in 40s (attempt 4/5)...
      call failed (http_404), retrying in 60s (attempt 5/5)...
FAILED (http_404)
  calling: bankers_feb8aa465b66 ...       call failed (http_404), retrying in 5s (attempt 1/5)...
      call failed (http_404), retrying in 10s (attempt 2/5)...
      call failed (http_404), retrying in 20s (attempt 3/5)...
      call failed (http_404), retrying in 40s (attempt 4/5)...
      call failed (http_404), retrying in 60s (attempt 5/5)...
FAILED (http_404)
  calling: bankers_ca2c4323bf9a ...       call failed (http_404), retrying in 5s (attempt 1/5)...
      call failed (http_404), retrying in 10s (attempt 2/5)...
      call failed (http_404), retrying in 20s (attempt 3/5)...
      call failed (http_404), retrying in 40s (attempt 4/5)...
      call failed (http_404), retrying in 60s (attempt 5/5)...
FAILED (http_404)
  calling: bankers_0f4ea61f9899 ...       call failed (http_404), retrying in 5s (attempt 1/5)...
      call failed (http_404), retrying in 10s (attempt 2/5)...
      call failed (http_404), retrying in 20s (attempt 3/5)...
      call failed (http_404), retrying in 40s (attempt 4/5)...
      call failed (http_404), retrying in 60s (attempt 5/5)...
FAILED (http_404)
  calling: bankers_b0d499478685 ...       call failed (http_404), retrying in 5s (attempt 1/5)...
      call failed (http_404), retrying in 10s (attempt 2/5)...
      call failed (http_404), retrying in 20s (attempt 3/5)...
      call failed (http_404), retrying in 40s (attempt 4/5)...
      call failed (http_404), retrying in 60s (attempt 5/5)...
FAILED (http_404)
  calling: bankers_8bcbf9a168c8 ...       call failed (http_404), retrying in 5s (attempt 1/5)...
      call failed (http_404), retrying in 10s (attempt 2/5)...
      call failed (http_404), retrying in 20s (attempt 3/5)...
      call failed (http_404), retrying in 40s (attempt 4/5)...
      call failed (http_404), retrying in 60s (attempt 5/5)...
FAILED (http_404)
  calling: bankers_087a914651f6 ...       call failed (http_404), retrying in 5s (attempt 1/5)...
      call failed (http_404), retrying in 10s (attempt 2/5)...
      call failed (http_404), retrying in 20s (attempt 3/5)...
      call failed (http_404), retrying in 40s (attempt 4/5)...
      call failed (http_404), retrying in 60s (attempt 5/5)...
FAILED (http_404)
  calling: bankers_52b678191293 ...       call failed (http_404), retrying in 5s (attempt 1/5)...
      call failed (http_404), retrying in 10s (attempt 2/5)...
      call failed (http_404), retrying in 20s (attempt 3/5)...
      call failed (http_404), retrying in 40s (attempt 4/5)...
      call failed (http_404), retrying in 60s (attempt 5/5)...
FAILED (http_404)
  calling: bankers_8ad3e4c80fea ...       call failed (http_404), retrying in 5s (attempt 1/5)...
      call failed (http_404), retrying in 10s (attempt 2/5)...
      call failed (http_404), retrying in 20s (attempt 3/5)...
      call failed (http_404), retrying in 40s (attempt 4/5)...
      call failed (http_404), retrying in 60s (attempt 5/5)...
FAILED (http_404)
  calling: bankers_9b87c54ebde0 ...       call failed (http_404), retrying in 5s (attempt 1/5)...
      call failed (http_404), retrying in 10s (attempt 2/5)...
      call failed (http_404), retrying in 20s (attempt 3/5)...
      call failed (http_404), retrying in 40s (attempt 4/5)...
      call failed (http_404), retrying in 60s (attempt 5/5)...
FAILED (http_404)
  calling: bankers_9ee4952f8585 ...       call failed (http_404), retrying in 5s (attempt 1/5)...
      call failed (http_404), retrying in 10s (attempt 2/5)...
      call failed (http_404), retrying in 20s (attempt 3/5)...
      call failed (http_404), retrying in 40s (attempt 4/5)...
      call failed (http_404), retrying in 60s (attempt 5/5)...
FAILED (http_404)
  calling: bankers_42eb49a1cc03 ...       call failed (http_404), retrying in 5s (attempt 1/5)...
      call failed (http_404), retrying in 10s (attempt 2/5)...
      call failed (http_404), retrying in 20s (attempt 3/5)...
      call failed (http_404), retrying in 40s (attempt 4/5)...
      call failed (http_404), retrying in 60s (attempt 5/5)...
FAILED (http_404)
  calling: bankers_ec2be33bef2f ...       call failed (http_404), retrying in 5s (attempt 1/5)...
      call failed (http_404), retrying in 10s (attempt 2/5)...
      call failed (http_404), retrying in 20s (attempt 3/5)...
      call failed (http_404), retrying in 40s (attempt 4/5)...
      call failed (http_404), retrying in 60s (attempt 5/5)...
FAILED (http_404)
  calling: bankers_437d9af49ed5 ...       call failed (http_404), retrying in 5s (attempt 1/5)...
      call failed (http_404), retrying in 10s (attempt 2/5)...
      call failed (http_404), retrying in 20s (attempt 3/5)...
      call failed (http_404), retrying in 40s (attempt 4/5)...
      call failed (http_404), retrying in 60s (attempt 5/5)...
FAILED (http_404)
  calling: bankers_d3945305b6bb ...       call failed (http_404), retrying in 5s (attempt 1/5)...
      call failed (http_404), retrying in 10s (attempt 2/5)...
      call failed (http_404), retrying in 20s (attempt 3/5)...
      call failed (http_404), retrying in 40s (attempt 4/5)...
      call failed (http_404), retrying in 60s (attempt 5/5)...
FAILED (http_404)
  calling: bankers_eb86ed643627 ...       call failed (http_404), retrying in 5s (attempt 1/5)...
      call failed (http_404), retrying in 10s (attempt 2/5)...
      call failed (http_404), retrying in 20s (attempt 3/5)...
      call failed (http_404), retrying in 40s (attempt 4/5)...
      call failed (http_404), retrying in 60s (attempt 5/5)...
FAILED (http_404)
  calling: bankers_df8f1266549d ...       call failed (http_404), retrying in 5s (attempt 1/5)...
      call failed (http_404), retrying in 10s (attempt 2/5)...
      call failed (http_404), retrying in 20s (attempt 3/5)...
      call failed (http_404), retrying in 40s (attempt 4/5)...
      call failed (http_404), retrying in 60s (attempt 5/5)...
FAILED (http_404)
  calling: bankers_61f73c9e70c3 ...       call failed (http_404), retrying in 5s (attempt 1/5)...
      call failed (http_404), retrying in 10s (attempt 2/5)...
      call failed (http_404), retrying in 20s (attempt 3/5)...
      call failed (http_404), retrying in 40s (attempt 4/5)...
      call failed (http_404), retrying in 60s (attempt 5/5)...
FAILED (http_404)
  calling: bankers_5ef44d5a5234 ...       call failed (http_404), retrying in 5s (attempt 1/5)...
      call failed (http_404), retrying in 10s (attempt 2/5)...
      call failed (http_404), retrying in 20s (attempt 3/5)...
      call failed (http_404), retrying in 40s (attempt 4/5)...
      call failed (http_404), retrying in 60s (attempt 5/5)...
FAILED (http_404)
  calling: bankers_ce12e004f603 ...       call failed (http_404), retrying in 5s (attempt 1/5)...
      call failed (http_404), retrying in 10s (attempt 2/5)...
      call failed (http_404), retrying in 20s (attempt 3/5)...
      call failed (http_404), retrying in 40s (attempt 4/5)...
      call failed (http_404), retrying in 60s (attempt 5/5)...
FAILED (http_404)
  calling: bankers_733aeb4350f0 ...       call failed (http_404), retrying in 5s (attempt 1/5)...
      call failed (http_404), retrying in 10s (attempt 2/5)...
      call failed (http_404), retrying in 20s (attempt 3/5)...
      call failed (http_404), retrying in 40s (attempt 4/5)...
      call failed (http_404), retrying in 60s (attempt 5/5)...
FAILED (http_404)
  calling: bankers_bb412abb401b ...       call failed (http_404), retrying in 5s (attempt 1/5)...
      call failed (http_404), retrying in 10s (attempt 2/5)...
      call failed (http_404), retrying in 20s (attempt 3/5)...
      call failed (http_404), retrying in 40s (attempt 4/5)...
      call failed (http_404), retrying in 60s (attempt 5/5)...
FAILED (http_404)
  calling: bankers_4cf71d568433 ...       call failed (http_404), retrying in 5s (attempt 1/5)...
      call failed (http_404), retrying in 10s (attempt 2/5)...
      call failed (http_404), retrying in 20s (attempt 3/5)...
      call failed (http_404), retrying in 40s (attempt 4/5)...
      call failed (http_404), retrying in 60s (attempt 5/5)...
FAILED (http_404)
  calling: bankers_fa13f76c0ccd ...       call failed (http_404), retrying in 5s (attempt 1/5)...
      call failed (http_404), retrying in 10s (attempt 2/5)...
      call failed (http_404), retrying in 20s (attempt 3/5)...
      call failed (http_404), retrying in 40s (attempt 4/5)...
      call failed (http_404), retrying in 60s (attempt 5/5)...
FAILED (http_404)

=== buddy / zero_shot (25 prompts) ===
  calling: buddy_ef816db62e95 ...       call failed (http_404), retrying in 5s (attempt 1/5)...
      call failed (http_404), retrying in 10s (attempt 2/5)...
      call failed (http_404), retrying in 20s (attempt 3/5)...
      call failed (http_404), retrying in 40s (attempt 4/5)...
      call failed (http_404), retrying in 60s (attempt 5/5)...
FAILED (http_404)
  calling: buddy_119861f2bec9 ...       call failed (http_404), retrying in 5s (attempt 1/5)...
      call failed (http_404), retrying in 10s (attempt 2/5)...
      call failed (http_404), retrying in 20s (attempt 3/5)...
      call failed (http_404), retrying in 40s (attempt 4/5)...
      call failed (http_404), retrying in 60s (attempt 5/5)...
FAILED (http_404)
  calling: buddy_c4eed80a71bc ...       call failed (http_404), retrying in 5s (attempt 1/5)...
      call failed (http_404), retrying in 10s (attempt 2/5)...
      call failed (http_404), retrying in 20s (attempt 3/5)...
      call failed (http_404), retrying in 40s (attempt 4/5)...
      call failed (http_404), retrying in 60s (attempt 5/5)...
FAILED (http_404)
  calling: buddy_479d2b6853e6 ...       call failed (http_404), retrying in 5s (attempt 1/5)...
      call failed (http_404), retrying in 10s (attempt 2/5)...
      call failed (http_404), retrying in 20s (attempt 3/5)...
      call failed (http_404), retrying in 40s (attempt 4/5)...
      call failed (http_404), retrying in 60s (attempt 5/5)...
FAILED (http_404)
  calling: buddy_df111acb48f9 ...       call failed (http_404), retrying in 5s (attempt 1/5)...
      call failed (http_404), retrying in 10s (attempt 2/5)...
      call failed (http_404), retrying in 20s (attempt 3/5)...
      call failed (http_404), retrying in 40s (attempt 4/5)...
      call failed (http_404), retrying in 60s (attempt 5/5)...
FAILED (http_404)
  calling: buddy_0ac97d9f190e ...       call failed (http_404), retrying in 5s (attempt 1/5)...
      call failed (http_404), retrying in 10s (attempt 2/5)...
      call failed (http_404), retrying in 20s (attempt 3/5)...
      call failed (http_404), retrying in 40s (attempt 4/5)...
      call failed (http_404), retrying in 60s (attempt 5/5)...
FAILED (http_404)
  calling: buddy_c6751d03ab85 ...       call failed (http_404), retrying in 5s (attempt 1/5)...
      call failed (http_404), retrying in 10s (attempt 2/5)...
      call failed (http_404), retrying in 20s (attempt 3/5)...
      call failed (http_404), retrying in 40s (attempt 4/5)...
      call failed (http_404), retrying in 60s (attempt 5/5)...
FAILED (http_404)
  calling: buddy_31654d756a8a ...       call failed (http_404), retrying in 5s (attempt 1/5)...
      call failed (http_404), retrying in 10s (attempt 2/5)...
      call failed (http_404), retrying in 20s (attempt 3/5)...
      call failed (http_404), retrying in 40s (attempt 4/5)...
      call failed (http_404), retrying in 60s (attempt 5/5)...
FAILED (http_404)
  calling: buddy_acb37282ef15 ...       call failed (http_404), retrying in 5s (attempt 1/5)...
      call failed (http_404), retrying in 10s (attempt 2/5)...
      call failed (http_404), retrying in 20s (attempt 3/5)...
      call failed (http_404), retrying in 40s (attempt 4/5)...
      call failed (http_404), retrying in 60s (attempt 5/5)...
FAILED (http_404)
  calling: buddy_76489588cd3c ...       call failed (http_404), retrying in 5s (attempt 1/5)...
      call failed (http_404), retrying in 10s (attempt 2/5)...
      call failed (http_404), retrying in 20s (attempt 3/5)...
      call failed (http_404), retrying in 40s (attempt 4/5)...
      call failed (http_404), retrying in 60s (attempt 5/5)...
FAILED (http_404)
  calling: buddy_a772b6d71e37 ...       call failed (http_404), retrying in 5s (attempt 1/5)...
      call failed (http_404), retrying in 10s (attempt 2/5)...
      call failed (http_404), retrying in 20s (attempt 3/5)...
      call failed (http_404), retrying in 40s (attempt 4/5)...
      call failed (http_404), retrying in 60s (attempt 5/5)...
FAILED (http_404)
  calling: buddy_172bf0ba8061 ...       call failed (http_404), retrying in 5s (attempt 1/5)...
      call failed (http_404), retrying in 10s (attempt 2/5)...
      call failed (http_404), retrying in 20s (attempt 3/5)...
      call failed (http_404), retrying in 40s (attempt 4/5)...
      call failed (http_404), retrying in 60s (attempt 5/5)...
FAILED (http_404)
  calling: buddy_749d02e99409 ...       call failed (http_404), retrying in 5s (attempt 1/5)...
      call failed (http_404), retrying in 10s (attempt 2/5)...
      call failed (http_404), retrying in 20s (attempt 3/5)...
      call failed (http_404), retrying in 40s (attempt 4/5)...
      call failed (http_404), retrying in 60s (attempt 5/5)...
FAILED (http_404)
  calling: buddy_2c721f93b757 ...       call failed (http_404), retrying in 5s (attempt 1/5)...
      call failed (http_404), retrying in 10s (attempt 2/5)...
      call failed (http_404), retrying in 20s (attempt 3/5)...
      call failed (http_404), retrying in 40s (attempt 4/5)...
      call failed (http_404), retrying in 60s (attempt 5/5)...
FAILED (http_404)
  calling: buddy_3caccf7e7589 ...       call failed (http_404), retrying in 5s (attempt 1/5)...
      call failed (http_404), retrying in 10s (attempt 2/5)...
      call failed (http_404), retrying in 20s (attempt 3/5)...
      call failed (http_404), retrying in 40s (attempt 4/5)...
      call failed (http_404), retrying in 60s (attempt 5/5)...
FAILED (http_404)
  calling: buddy_9aac4a1c9491 ...       call failed (http_404), retrying in 5s (attempt 1/5)...
      call failed (http_404), retrying in 10s (attempt 2/5)...
      call failed (http_404), retrying in 20s (attempt 3/5)...
      call failed (http_404), retrying in 40s (attempt 4/5)...
      call failed (http_404), retrying in 60s (attempt 5/5)...
FAILED (http_404)
  calling: buddy_d74bb7c7fa43 ...       call failed (http_404), retrying in 5s (attempt 1/5)...
      call failed (http_404), retrying in 10s (attempt 2/5)...
      call failed (http_404), retrying in 20s (attempt 3/5)...
      call failed (http_404), retrying in 40s (attempt 4/5)...
      call failed (http_404), retrying in 60s (attempt 5/5)...
FAILED (http_404)
  calling: buddy_71a69d81d3d7 ...       call failed (http_404), retrying in 5s (attempt 1/5)...
      call failed (http_404), retrying in 10s (attempt 2/5)...
      call failed (http_404), retrying in 20s (attempt 3/5)...
      call failed (http_404), retrying in 40s (attempt 4/5)...
      call failed (http_404), retrying in 60s (attempt 5/5)...
FAILED (http_404)
  calling: buddy_2dc0389e94b7 ...       call failed (http_404), retrying in 5s (attempt 1/5)...
      call failed (http_404), retrying in 10s (attempt 2/5)...
      call failed (http_404), retrying in 20s (attempt 3/5)...
      call failed (http_404), retrying in 40s (attempt 4/5)...
      call failed (http_404), retrying in 60s (attempt 5/5)...
FAILED (http_404)
  calling: buddy_8e4d4cdd33b5 ...       call failed (http_404), retrying in 5s (attempt 1/5)...
      call failed (http_404), retrying in 10s (attempt 2/5)...
      call failed (http_404), retrying in 20s (attempt 3/5)...
      call failed (http_404), retrying in 40s (attempt 4/5)...
      call failed (http_404), retrying in 60s (attempt 5/5)...
FAILED (http_404)
  calling: buddy_c53400301161 ...       call failed (http_404), retrying in 5s (attempt 1/5)...
      call failed (http_404), retrying in 10s (attempt 2/5)...
      call failed (http_404), retrying in 20s (attempt 3/5)...
      call failed (http_404), retrying in 40s (attempt 4/5)...
      call failed (http_404), retrying in 60s (attempt 5/5)...
FAILED (http_404)
  calling: buddy_266c69315ac8 ...       call failed (http_404), retrying in 5s (attempt 1/5)...
      call failed (http_404), retrying in 10s (attempt 2/5)...
      call failed (http_404), retrying in 20s (attempt 3/5)...
      call failed (http_404), retrying in 40s (attempt 4/5)...
      call failed (http_404), retrying in 60s (attempt 5/5)...
FAILED (http_404)
  calling: buddy_ab8a20d35a28 ...       call failed (http_404), retrying in 5s (attempt 1/5)...
      call failed (http_404), retrying in 10s (attempt 2/5)...
      call failed (http_404), retrying in 20s (attempt 3/5)...
      call failed (http_404), retrying in 40s (attempt 4/5)...
      call failed (http_404), retrying in 60s (attempt 5/5)...
FAILED (http_404)
  calling: buddy_d168475599fd ...       call failed (http_404), retrying in 5s (attempt 1/5)...
      call failed (http_404), retrying in 10s (attempt 2/5)...
      call failed (http_404), retrying in 20s (attempt 3/5)...
      call failed (http_404), retrying in 40s (attempt 4/5)...
      call failed (http_404), retrying in 60s (attempt 5/5)...
FAILED (http_404)
  calling: buddy_026f9fbafeeb ...       call failed (http_404), retrying in 5s (attempt 1/5)...
      call failed (http_404), retrying in 10s (attempt 2/5)...
      call failed (http_404), retrying in 20s (attempt 3/5)...
      call failed (http_404), retrying in 40s (attempt 4/5)...
      call failed (http_404), retrying in 60s (attempt 5/5)...
FAILED (http_404)

=== buddy / few_shot (25 prompts) ===
  calling: buddy_ef816db62e95 ...       call failed (http_404), retrying in 5s (attempt 1/5)...
      call failed (http_404), retrying in 10s (attempt 2/5)...
      call failed (http_404), retrying in 20s (attempt 3/5)...
      call failed (http_404), retrying in 40s (attempt 4/5)...
      call failed (http_404), retrying in 60s (attempt 5/5)...
FAILED (http_404)
  calling: buddy_119861f2bec9 ...       call failed (http_404), retrying in 5s (attempt 1/5)...
      call failed (http_404), retrying in 10s (attempt 2/5)...
      call failed (http_404), retrying in 20s (attempt 3/5)...
      call failed (http_404), retrying in 40s (attempt 4/5)...
      call failed (http_404), retrying in 60s (attempt 5/5)...
FAILED (http_404)
  calling: buddy_c4eed80a71bc ...       call failed (http_404), retrying in 5s (attempt 1/5)...
      call failed (http_404), retrying in 10s (attempt 2/5)...
      call failed (http_404), retrying in 20s (attempt 3/5)...
      call failed (http_404), retrying in 40s (attempt 4/5)...
      call failed (http_404), retrying in 60s (attempt 5/5)...
FAILED (http_404)
  calling: buddy_479d2b6853e6 ...       call failed (http_404), retrying in 5s (attempt 1/5)...
      call failed (http_404), retrying in 10s (attempt 2/5)...
      call failed (http_404), retrying in 20s (attempt 3/5)...
      call failed (http_404), retrying in 40s (attempt 4/5)...
      call failed (http_404), retrying in 60s (attempt 5/5)...
FAILED (http_404)
  calling: buddy_df111acb48f9 ...       call failed (http_404), retrying in 5s (attempt 1/5)...
      call failed (http_404), retrying in 10s (attempt 2/5)...
      call failed (http_404), retrying in 20s (attempt 3/5)...
      call failed (http_404), retrying in 40s (attempt 4/5)...
      call failed (http_404), retrying in 60s (attempt 5/5)...
FAILED (http_404)
  calling: buddy_0ac97d9f190e ...       call failed (http_404), retrying in 5s (attempt 1/5)...
      call failed (http_404), retrying in 10s (attempt 2/5)...
      call failed (http_404), retrying in 20s (attempt 3/5)...
      call failed (http_404), retrying in 40s (attempt 4/5)...
      call failed (http_404), retrying in 60s (attempt 5/5)...
FAILED (http_404)
  calling: buddy_c6751d03ab85 ...       call failed (http_404), retrying in 5s (attempt 1/5)...
      call failed (http_404), retrying in 10s (attempt 2/5)...
      call failed (http_404), retrying in 20s (attempt 3/5)...
      call failed (http_404), retrying in 40s (attempt 4/5)...
      call failed (http_404), retrying in 60s (attempt 5/5)...
FAILED (http_404)
  calling: buddy_31654d756a8a ...       call failed (http_404), retrying in 5s (attempt 1/5)...
      call failed (http_404), retrying in 10s (attempt 2/5)...
      call failed (http_404), retrying in 20s (attempt 3/5)...
      call failed (http_404), retrying in 40s (attempt 4/5)...
      call failed (http_404), retrying in 60s (attempt 5/5)...
FAILED (http_404)
  calling: buddy_acb37282ef15 ...       call failed (http_404), retrying in 5s (attempt 1/5)...
      call failed (http_404), retrying in 10s (attempt 2/5)...
      call failed (http_404), retrying in 20s (attempt 3/5)...
      call failed (http_404), retrying in 40s (attempt 4/5)...
      call failed (http_404), retrying in 60s (attempt 5/5)...
FAILED (http_404)
  calling: buddy_76489588cd3c ...       call failed (http_404), retrying in 5s (attempt 1/5)...
      call failed (http_404), retrying in 10s (attempt 2/5)...
      call failed (http_404), retrying in 20s (attempt 3/5)...
      call failed (http_404), retrying in 40s (attempt 4/5)...
      call failed (http_404), retrying in 60s (attempt 5/5)...
FAILED (http_404)
  calling: buddy_a772b6d71e37 ...       call failed (http_404), retrying in 5s (attempt 1/5)...
      call failed (http_404), retrying in 10s (attempt 2/5)...
      call failed (http_404), retrying in 20s (attempt 3/5)...
      call failed (http_404), retrying in 40s (attempt 4/5)...
      call failed (http_404), retrying in 60s (attempt 5/5)...
FAILED (http_404)
  calling: buddy_172bf0ba8061 ...       call failed (http_404), retrying in 5s (attempt 1/5)...
      call failed (http_404), retrying in 10s (attempt 2/5)...
      call failed (http_404), retrying in 20s (attempt 3/5)...
      call failed (http_404), retrying in 40s (attempt 4/5)...
      call failed (http_404), retrying in 60s (attempt 5/5)...
FAILED (http_404)
  calling: buddy_749d02e99409 ...       call failed (http_404), retrying in 5s (attempt 1/5)...
      call failed (http_404), retrying in 10s (attempt 2/5)...
      call failed (http_404), retrying in 20s (attempt 3/5)...
      call failed (http_404), retrying in 40s (attempt 4/5)...
      call failed (http_404), retrying in 60s (attempt 5/5)...
FAILED (http_404)
  calling: buddy_2c721f93b757 ...       call failed (http_404), retrying in 5s (attempt 1/5)...
      call failed (http_404), retrying in 10s (attempt 2/5)...
      call failed (http_404), retrying in 20s (attempt 3/5)...
      call failed (http_404), retrying in 40s (attempt 4/5)...
      call failed (http_404), retrying in 60s (attempt 5/5)...
FAILED (http_404)
  calling: buddy_3caccf7e7589 ...       call failed (http_404), retrying in 5s (attempt 1/5)...
      call failed (http_404), retrying in 10s (attempt 2/5)...
      call failed (http_404), retrying in 20s (attempt 3/5)...
      call failed (http_404), retrying in 40s (attempt 4/5)...
      call failed (http_404), retrying in 60s (attempt 5/5)...
FAILED (http_404)
  calling: buddy_9aac4a1c9491 ...       call failed (http_404), retrying in 5s (attempt 1/5)...
      call failed (http_404), retrying in 10s (attempt 2/5)...
      call failed (http_404), retrying in 20s (attempt 3/5)...
      call failed (http_404), retrying in 40s (attempt 4/5)...
      call failed (http_404), retrying in 60s (attempt 5/5)...
FAILED (http_404)
  calling: buddy_d74bb7c7fa43 ...       call failed (http_404), retrying in 5s (attempt 1/5)...
      call failed (http_404), retrying in 10s (attempt 2/5)...
      call failed (http_404), retrying in 20s (attempt 3/5)...
      call failed (http_404), retrying in 40s (attempt 4/5)...
      call failed (http_404), retrying in 60s (attempt 5/5)...
FAILED (http_404)
  calling: buddy_71a69d81d3d7 ...       call failed (http_404), retrying in 5s (attempt 1/5)...
      call failed (http_404), retrying in 10s (attempt 2/5)...
      call failed (http_404), retrying in 20s (attempt 3/5)...
      call failed (http_404), retrying in 40s (attempt 4/5)...
      call failed (http_404), retrying in 60s (attempt 5/5)...
FAILED (http_404)
  calling: buddy_2dc0389e94b7 ...       call failed (http_404), retrying in 5s (attempt 1/5)...
      call failed (http_404), retrying in 10s (attempt 2/5)...
      call failed (http_404), retrying in 20s (attempt 3/5)...
      call failed (http_404), retrying in 40s (attempt 4/5)...
      call failed (http_404), retrying in 60s (attempt 5/5)...
FAILED (http_404)
  calling: buddy_8e4d4cdd33b5 ...       call failed (http_404), retrying in 5s (attempt 1/5)...
      call failed (http_404), retrying in 10s (attempt 2/5)...
      call failed (http_404), retrying in 20s (attempt 3/5)...
      call failed (http_404), retrying in 40s (attempt 4/5)...
      call failed (http_404), retrying in 60s (attempt 5/5)...
FAILED (http_404)
  calling: buddy_c53400301161 ...       call failed (http_404), retrying in 5s (attempt 1/5)...
      call failed (http_404), retrying in 10s (attempt 2/5)...
      call failed (http_404), retrying in 20s (attempt 3/5)...
      call failed (http_404), retrying in 40s (attempt 4/5)...
      call failed (http_404), retrying in 60s (attempt 5/5)...
FAILED (http_404)
  calling: buddy_266c69315ac8 ...       call failed (http_404), retrying in 5s (attempt 1/5)...
      call failed (http_404), retrying in 10s (attempt 2/5)...
      call failed (http_404), retrying in 20s (attempt 3/5)...
      call failed (http_404), retrying in 40s (attempt 4/5)...
      call failed (http_404), retrying in 60s (attempt 5/5)...
FAILED (http_404)
  calling: buddy_ab8a20d35a28 ...       call failed (http_404), retrying in 5s (attempt 1/5)...
      call failed (http_404), retrying in 10s (attempt 2/5)...
      call failed (http_404), retrying in 20s (attempt 3/5)...
      call failed (http_404), retrying in 40s (attempt 4/5)...
      call failed (http_404), retrying in 60s (attempt 5/5)...
FAILED (http_404)
  calling: buddy_d168475599fd ...       call failed (http_404), retrying in 5s (attempt 1/5)...
      call failed (http_404), retrying in 10s (attempt 2/5)...
      call failed (http_404), retrying in 20s (attempt 3/5)...
      call failed (http_404), retrying in 40s (attempt 4/5)...
      call failed (http_404), retrying in 60s (attempt 5/5)...
FAILED (http_404)
  calling: buddy_026f9fbafeeb ...       call failed (http_404), retrying in 5s (attempt 1/5)...
      call failed (http_404), retrying in 10s (attempt 2/5)...
      call failed (http_404), retrying in 20s (attempt 3/5)...
      call failed (http_404), retrying in 40s (attempt 4/5)...
      call failed (http_404), retrying in 60s (attempt 5/5)...
FAILED (http_404)

=== buddy / cot (25 prompts) ===
  calling: buddy_ef816db62e95 ...       call failed (http_404), retrying in 5s (attempt 1/5)...
      call failed (http_404), retrying in 10s (attempt 2/5)...
      call failed (http_404), retrying in 20s (attempt 3/5)...
      call failed (http_404), retrying in 40s (attempt 4/5)...
      call failed (http_404), retrying in 60s (attempt 5/5)...
FAILED (http_404)
  calling: buddy_119861f2bec9 ...       call failed (http_404), retrying in 5s (attempt 1/5)...
      call failed (http_404), retrying in 10s (attempt 2/5)...
      call failed (http_404), retrying in 20s (attempt 3/5)...
      call failed (http_404), retrying in 40s (attempt 4/5)...
      call failed (http_404), retrying in 60s (attempt 5/5)...
FAILED (http_404)
  calling: buddy_c4eed80a71bc ...       call failed (http_404), retrying in 5s (attempt 1/5)...
      call failed (http_404), retrying in 10s (attempt 2/5)...
      call failed (http_404), retrying in 20s (attempt 3/5)...
      call failed (http_404), retrying in 40s (attempt 4/5)...
      call failed (http_404), retrying in 60s (attempt 5/5)...
FAILED (http_404)
  calling: buddy_479d2b6853e6 ...       call failed (http_404), retrying in 5s (attempt 1/5)...
      call failed (http_404), retrying in 10s (attempt 2/5)...
      call failed (http_404), retrying in 20s (attempt 3/5)...
      call failed (http_404), retrying in 40s (attempt 4/5)...
      call failed (http_404), retrying in 60s (attempt 5/5)...
FAILED (http_404)
  calling: buddy_df111acb48f9 ...       call failed (http_404), retrying in 5s (attempt 1/5)...
      call failed (http_404), retrying in 10s (attempt 2/5)...
      call failed (http_404), retrying in 20s (attempt 3/5)...
      call failed (http_404), retrying in 40s (attempt 4/5)...
      call failed (http_404), retrying in 60s (attempt 5/5)...
FAILED (http_404)
  calling: buddy_0ac97d9f190e ...       call failed (http_404), retrying in 5s (attempt 1/5)...
      call failed (http_404), retrying in 10s (attempt 2/5)...
      call failed (http_404), retrying in 20s (attempt 3/5)...
      call failed (http_404), retrying in 40s (attempt 4/5)...
      call failed (http_404), retrying in 60s (attempt 5/5)...
FAILED (http_404)
  calling: buddy_c6751d03ab85 ...       call failed (http_404), retrying in 5s (attempt 1/5)...
      call failed (http_404), retrying in 10s (attempt 2/5)...
      call failed (http_404), retrying in 20s (attempt 3/5)...
      call failed (http_404), retrying in 40s (attempt 4/5)...
      call failed (http_404), retrying in 60s (attempt 5/5)...
FAILED (http_404)
  calling: buddy_31654d756a8a ...       call failed (http_404), retrying in 5s (attempt 1/5)...
      call failed (http_404), retrying in 10s (attempt 2/5)...
      call failed (http_404), retrying in 20s (attempt 3/5)...
      call failed (http_404), retrying in 40s (attempt 4/5)...
      call failed (http_404), retrying in 60s (attempt 5/5)...
FAILED (http_404)
  calling: buddy_acb37282ef15 ...       call failed (http_404), retrying in 5s (attempt 1/5)...
      call failed (http_404), retrying in 10s (attempt 2/5)...
      call failed (http_404), retrying in 20s (attempt 3/5)...
      call failed (http_404), retrying in 40s (attempt 4/5)...
      call failed (http_404), retrying in 60s (attempt 5/5)...
FAILED (http_404)
  calling: buddy_76489588cd3c ...       call failed (http_404), retrying in 5s (attempt 1/5)...
      call failed (http_404), retrying in 10s (attempt 2/5)...
      call failed (http_404), retrying in 20s (attempt 3/5)...
      call failed (http_404), retrying in 40s (attempt 4/5)...
      call failed (http_404), retrying in 60s (attempt 5/5)...
FAILED (http_404)
  calling: buddy_a772b6d71e37 ...       call failed (http_404), retrying in 5s (attempt 1/5)...
      call failed (http_404), retrying in 10s (attempt 2/5)...
      call failed (http_404), retrying in 20s (attempt 3/5)...
      call failed (http_404), retrying in 40s (attempt 4/5)...
      call failed (http_404), retrying in 60s (attempt 5/5)...
FAILED (http_404)
  calling: buddy_172bf0ba8061 ...       call failed (http_404), retrying in 5s (attempt 1/5)...
      call failed (http_404), retrying in 10s (attempt 2/5)...
      call failed (http_404), retrying in 20s (attempt 3/5)...
      call failed (http_404), retrying in 40s (attempt 4/5)...
      call failed (http_404), retrying in 60s (attempt 5/5)...
FAILED (http_404)
  calling: buddy_749d02e99409 ...       call failed (http_404), retrying in 5s (attempt 1/5)...
      call failed (http_404), retrying in 10s (attempt 2/5)...
      call failed (http_404), retrying in 20s (attempt 3/5)...
      call failed (http_404), retrying in 40s (attempt 4/5)...
      call failed (http_404), retrying in 60s (attempt 5/5)...
FAILED (http_404)
  calling: buddy_2c721f93b757 ...       call failed (http_404), retrying in 5s (attempt 1/5)...
      call failed (http_404), retrying in 10s (attempt 2/5)...
      call failed (http_404), retrying in 20s (attempt 3/5)...
      call failed (http_404), retrying in 40s (attempt 4/5)...
      call failed (http_404), retrying in 60s (attempt 5/5)...
FAILED (http_404)
  calling: buddy_3caccf7e7589 ...       call failed (http_404), retrying in 5s (attempt 1/5)...
      call failed (http_404), retrying in 10s (attempt 2/5)...
      call failed (http_404), retrying in 20s (attempt 3/5)...
      call failed (http_404), retrying in 40s (attempt 4/5)...
      call failed (http_404), retrying in 60s (attempt 5/5)...
FAILED (http_404)
  calling: buddy_9aac4a1c9491 ...       call failed (http_404), retrying in 5s (attempt 1/5)...
      call failed (http_404), retrying in 10s (attempt 2/5)...
      call failed (http_404), retrying in 20s (attempt 3/5)...
      call failed (http_404), retrying in 40s (attempt 4/5)...
      call failed (http_404), retrying in 60s (attempt 5/5)...
FAILED (http_404)
  calling: buddy_d74bb7c7fa43 ...       call failed (http_404), retrying in 5s (attempt 1/5)...
      call failed (http_404), retrying in 10s (attempt 2/5)...
      call failed (http_404), retrying in 20s (attempt 3/5)...
      call failed (http_404), retrying in 40s (attempt 4/5)...
      call failed (http_404), retrying in 60s (attempt 5/5)...
FAILED (http_404)
  calling: buddy_71a69d81d3d7 ...       call failed (http_404), retrying in 5s (attempt 1/5)...
      call failed (http_404), retrying in 10s (attempt 2/5)...
      call failed (http_404), retrying in 20s (attempt 3/5)...
      call failed (http_404), retrying in 40s (attempt 4/5)...
      call failed (http_404), retrying in 60s (attempt 5/5)...
FAILED (http_404)
  calling: buddy_2dc0389e94b7 ...       call failed (http_404), retrying in 5s (attempt 1/5)...
      call failed (http_404), retrying in 10s (attempt 2/5)...
      call failed (http_404), retrying in 20s (attempt 3/5)...
      call failed (http_404), retrying in 40s (attempt 4/5)...
      call failed (http_404), retrying in 60s (attempt 5/5)...
FAILED (http_404)
  calling: buddy_8e4d4cdd33b5 ...       call failed (http_404), retrying in 5s (attempt 1/5)...
      call failed (http_404), retrying in 10s (attempt 2/5)...
      call failed (http_404), retrying in 20s (attempt 3/5)...
      call failed (http_404), retrying in 40s (attempt 4/5)...
      call failed (http_404), retrying in 60s (attempt 5/5)...
FAILED (http_404)
  calling: buddy_c53400301161 ...       call failed (http_404), retrying in 5s (attempt 1/5)...
      call failed (http_404), retrying in 10s (attempt 2/5)...
      call failed (http_404), retrying in 20s (attempt 3/5)...
      call failed (http_404), retrying in 40s (attempt 4/5)...
      call failed (http_404), retrying in 60s (attempt 5/5)...
FAILED (http_404)
  calling: buddy_266c69315ac8 ...       call failed (http_404), retrying in 5s (attempt 1/5)...
      call failed (http_404), retrying in 10s (attempt 2/5)...
      call failed (http_404), retrying in 20s (attempt 3/5)...
      call failed (http_404), retrying in 40s (attempt 4/5)...
      call failed (http_404), retrying in 60s (attempt 5/5)...
FAILED (http_404)
  calling: buddy_ab8a20d35a28 ...       call failed (http_404), retrying in 5s (attempt 1/5)...
      call failed (http_404), retrying in 10s (attempt 2/5)...
      call failed (http_404), retrying in 20s (attempt 3/5)...
      call failed (http_404), retrying in 40s (attempt 4/5)...
      call failed (http_404), retrying in 60s (attempt 5/5)...
FAILED (http_404)
  calling: buddy_d168475599fd ...       call failed (http_404), retrying in 5s (attempt 1/5)...
      call failed (http_404), retrying in 10s (attempt 2/5)...
      call failed (http_404), retrying in 20s (attempt 3/5)...
      call failed (http_404), retrying in 40s (attempt 4/5)...
      call failed (http_404), retrying in 60s (attempt 5/5)...
FAILED (http_404)
  calling: buddy_026f9fbafeeb ...       call failed (http_404), retrying in 5s (attempt 1/5)...
      call failed (http_404), retrying in 10s (attempt 2/5)...
      call failed (http_404), retrying in 20s (attempt 3/5)...
      call failed (http_404), retrying in 40s (attempt 4/5)...
      call failed (http_404), retrying in 60s (attempt 5/5)...
FAILED (http_404)

=== semaphore / zero_shot (20 prompts) ===
  calling: sem_b2d7610910c0 ...       call failed (http_404), retrying in 5s (attempt 1/5)...
      call failed (http_404), retrying in 10s (attempt 2/5)...
      call failed (http_404), retrying in 20s (attempt 3/5)...
      call failed (http_404), retrying in 40s (attempt 4/5)...
      call failed (http_404), retrying in 60s (attempt 5/5)...
FAILED (http_404)
  calling: sem_3e990ec3c920 ...       call failed (http_404), retrying in 5s (attempt 1/5)...
      call failed (http_404), retrying in 10s (attempt 2/5)...
      call failed (http_404), retrying in 20s (attempt 3/5)...
      call failed (http_404), retrying in 40s (attempt 4/5)...
      call failed (http_404), retrying in 60s (attempt 5/5)...
FAILED (http_404)
  calling: sem_a20bc4d75546 ...       call failed (http_404), retrying in 5s (attempt 1/5)...
      call failed (http_404), retrying in 10s (attempt 2/5)...
      call failed (http_404), retrying in 20s (attempt 3/5)...
      call failed (http_404), retrying in 40s (attempt 4/5)...
      call failed (http_404), retrying in 60s (attempt 5/5)...
FAILED (http_404)
  calling: sem_152174be45fd ...       call failed (http_404), retrying in 5s (attempt 1/5)...
      call failed (http_404), retrying in 10s (attempt 2/5)...
      call failed (http_404), retrying in 20s (attempt 3/5)...
      call failed (http_404), retrying in 40s (attempt 4/5)...
      call failed (http_404), retrying in 60s (attempt 5/5)...
FAILED (http_404)
  calling: sem_38b434ac2511 ...       call failed (http_404), retrying in 5s (attempt 1/5)...
      call failed (http_404), retrying in 10s (attempt 2/5)...
      call failed (http_404), retrying in 20s (attempt 3/5)...
      call failed (http_404), retrying in 40s (attempt 4/5)...
      call failed (http_404), retrying in 60s (attempt 5/5)...
FAILED (http_404)
  calling: sem_2060757b82f0 ...       call failed (http_404), retrying in 5s (attempt 1/5)...
      call failed (http_404), retrying in 10s (attempt 2/5)...
      call failed (http_404), retrying in 20s (attempt 3/5)...
      call failed (http_404), retrying in 40s (attempt 4/5)...
      call failed (http_404), retrying in 60s (attempt 5/5)...
FAILED (http_404)
  calling: sem_6a3c723da818 ...       call failed (http_404), retrying in 5s (attempt 1/5)...
      call failed (http_404), retrying in 10s (attempt 2/5)...
      call failed (http_404), retrying in 20s (attempt 3/5)...
      call failed (http_404), retrying in 40s (attempt 4/5)...
      call failed (http_404), retrying in 60s (attempt 5/5)...
FAILED (http_404)
  calling: sem_a08a8491ceba ...       call failed (http_404), retrying in 5s (attempt 1/5)...
      call failed (http_404), retrying in 10s (attempt 2/5)...
      call failed (http_404), retrying in 20s (attempt 3/5)...
      call failed (http_404), retrying in 40s (attempt 4/5)...
      call failed (http_404), retrying in 60s (attempt 5/5)...
FAILED (http_404)
  calling: sem_3b91874c9452 ...       call failed (http_404), retrying in 5s (attempt 1/5)...
      call failed (http_404), retrying in 10s (attempt 2/5)...
      call failed (http_404), retrying in 20s (attempt 3/5)...
      call failed (http_404), retrying in 40s (attempt 4/5)...
      call failed (http_404), retrying in 60s (attempt 5/5)...
FAILED (http_404)
  calling: sem_d4e7f864a70a ...       call failed (http_404), retrying in 5s (attempt 1/5)...
      call failed (http_404), retrying in 10s (attempt 2/5)...
      call failed (http_404), retrying in 20s (attempt 3/5)...
      call failed (http_404), retrying in 40s (attempt 4/5)...
      call failed (http_404), retrying in 60s (attempt 5/5)...
FAILED (http_404)
  calling: sem_02e8f38a88f7 ...       call failed (http_404), retrying in 5s (attempt 1/5)...
      call failed (http_404), retrying in 10s (attempt 2/5)...
      call failed (http_404), retrying in 20s (attempt 3/5)...
      call failed (http_404), retrying in 40s (attempt 4/5)...
      call failed (http_404), retrying in 60s (attempt 5/5)...
FAILED (http_404)
  calling: sem_3dc29ad59dd4 ...       call failed (http_404), retrying in 5s (attempt 1/5)...
      call failed (http_404), retrying in 10s (attempt 2/5)...
      call failed (http_404), retrying in 20s (attempt 3/5)...
      call failed (http_404), retrying in 40s (attempt 4/5)...
      call failed (http_404), retrying in 60s (attempt 5/5)...
FAILED (http_404)
  calling: sem_03dc6ac61276 ...       call failed (http_404), retrying in 5s (attempt 1/5)...
      call failed (http_404), retrying in 10s (attempt 2/5)...
      call failed (http_404), retrying in 20s (attempt 3/5)...
      call failed (http_404), retrying in 40s (attempt 4/5)...
      call failed (http_404), retrying in 60s (attempt 5/5)...
FAILED (http_404)
  calling: sem_fdb39b0f2fbb ...       call failed (http_404), retrying in 5s (attempt 1/5)...
      call failed (http_404), retrying in 10s (attempt 2/5)...
      call failed (http_404), retrying in 20s (attempt 3/5)...
      call failed (http_404), retrying in 40s (attempt 4/5)...
      call failed (http_404), retrying in 60s (attempt 5/5)...
FAILED (http_404)
  calling: sem_48a0fb166bcf ...       call failed (http_404), retrying in 5s (attempt 1/5)...
      call failed (http_404), retrying in 10s (attempt 2/5)...
      call failed (http_404), retrying in 20s (attempt 3/5)...
      call failed (http_404), retrying in 40s (attempt 4/5)...
      call failed (http_404), retrying in 60s (attempt 5/5)...
FAILED (http_404)
  calling: sem_ca4e1eb6714c ...       call failed (http_404), retrying in 5s (attempt 1/5)...
      call failed (http_404), retrying in 10s (attempt 2/5)...
      call failed (http_404), retrying in 20s (attempt 3/5)...
      call failed (http_404), retrying in 40s (attempt 4/5)...
      call failed (http_404), retrying in 60s (attempt 5/5)...
FAILED (http_404)
  calling: sem_a6a31b403d54 ...       call failed (http_404), retrying in 5s (attempt 1/5)...
      call failed (http_404), retrying in 10s (attempt 2/5)...
      call failed (http_404), retrying in 20s (attempt 3/5)...
      call failed (http_404), retrying in 40s (attempt 4/5)...
      call failed (http_404), retrying in 60s (attempt 5/5)...
FAILED (http_404)
  calling: sem_4e57c7f204ef ...       call failed (http_404), retrying in 5s (attempt 1/5)...
      call failed (http_404), retrying in 10s (attempt 2/5)...
      call failed (http_404), retrying in 20s (attempt 3/5)...
      call failed (http_404), retrying in 40s (attempt 4/5)...
      call failed (http_404), retrying in 60s (attempt 5/5)...
FAILED (http_404)
  calling: sem_b3a3f5dfbac6 ...       call failed (http_404), retrying in 5s (attempt 1/5)...
      call failed (http_404), retrying in 10s (attempt 2/5)...
      call failed (http_404), retrying in 20s (attempt 3/5)...
      call failed (http_404), retrying in 40s (attempt 4/5)...
      call failed (http_404), retrying in 60s (attempt 5/5)...
FAILED (http_404)
  calling: sem_d79e6dbf6059 ...       call failed (http_404), retrying in 5s (attempt 1/5)...
      call failed (http_404), retrying in 10s (attempt 2/5)...
      call failed (http_404), retrying in 20s (attempt 3/5)...
      call failed (http_404), retrying in 40s (attempt 4/5)...
      call failed (http_404), retrying in 60s (attempt 5/5)...
FAILED (http_404)

=== semaphore / few_shot (20 prompts) ===
  calling: sem_b2d7610910c0 ...       call failed (http_404), retrying in 5s (attempt 1/5)...
      call failed (http_404), retrying in 10s (attempt 2/5)...
      call failed (http_404), retrying in 20s (attempt 3/5)...
      call failed (http_404), retrying in 40s (attempt 4/5)...
      call failed (http_404), retrying in 60s (attempt 5/5)...
FAILED (http_404)
  calling: sem_3e990ec3c920 ...       call failed (http_404), retrying in 5s (attempt 1/5)...
      call failed (http_404), retrying in 10s (attempt 2/5)...
      call failed (http_404), retrying in 20s (attempt 3/5)...
      call failed (http_404), retrying in 40s (attempt 4/5)...
      call failed (http_404), retrying in 60s (attempt 5/5)...
FAILED (http_404)
  calling: sem_a20bc4d75546 ...       call failed (http_404), retrying in 5s (attempt 1/5)...
      call failed (http_404), retrying in 10s (attempt 2/5)...
      call failed (http_404), retrying in 20s (attempt 3/5)...
      call failed (http_404), retrying in 40s (attempt 4/5)...
      call failed (http_404), retrying in 60s (attempt 5/5)...
FAILED (http_404)
  calling: sem_152174be45fd ...       call failed (http_404), retrying in 5s (attempt 1/5)...
      call failed (http_404), retrying in 10s (attempt 2/5)...
      call failed (http_404), retrying in 20s (attempt 3/5)...
      call failed (http_404), retrying in 40s (attempt 4/5)...
      call failed (http_404), retrying in 60s (attempt 5/5)...
FAILED (http_404)
  calling: sem_38b434ac2511 ...       call failed (http_404), retrying in 5s (attempt 1/5)...
      call failed (http_404), retrying in 10s (attempt 2/5)...
      call failed (http_404), retrying in 20s (attempt 3/5)...
      call failed (http_404), retrying in 40s (attempt 4/5)...
      call failed (http_404), retrying in 60s (attempt 5/5)...
FAILED (http_404)
  calling: sem_2060757b82f0 ...       call failed (http_404), retrying in 5s (attempt 1/5)...
      call failed (http_404), retrying in 10s (attempt 2/5)...
      call failed (http_404), retrying in 20s (attempt 3/5)...
      call failed (http_404), retrying in 40s (attempt 4/5)...
      call failed (http_404), retrying in 60s (attempt 5/5)...
FAILED (http_404)
  calling: sem_6a3c723da818 ...       call failed (http_404), retrying in 5s (attempt 1/5)...
      call failed (http_404), retrying in 10s (attempt 2/5)...
      call failed (http_404), retrying in 20s (attempt 3/5)...
      call failed (http_404), retrying in 40s (attempt 4/5)...
      call failed (http_404), retrying in 60s (attempt 5/5)...
FAILED (http_404)
  calling: sem_a08a8491ceba ...       call failed (http_404), retrying in 5s (attempt 1/5)...
      call failed (http_404), retrying in 10s (attempt 2/5)...
      call failed (http_404), retrying in 20s (attempt 3/5)...
      call failed (http_404), retrying in 40s (attempt 4/5)...
      call failed (http_404), retrying in 60s (attempt 5/5)...
FAILED (http_404)
  calling: sem_3b91874c9452 ...       call failed (http_404), retrying in 5s (attempt 1/5)...
      call failed (http_404), retrying in 10s (attempt 2/5)...
      call failed (http_404), retrying in 20s (attempt 3/5)...
      call failed (http_404), retrying in 40s (attempt 4/5)...
      call failed (http_404), retrying in 60s (attempt 5/5)...
FAILED (http_404)
  calling: sem_d4e7f864a70a ...       call failed (http_404), retrying in 5s (attempt 1/5)...
      call failed (http_404), retrying in 10s (attempt 2/5)...
      call failed (http_404), retrying in 20s (attempt 3/5)...
      call failed (http_404), retrying in 40s (attempt 4/5)...
      call failed (http_404), retrying in 60s (attempt 5/5)...
FAILED (http_404)
  calling: sem_02e8f38a88f7 ...       call failed (http_404), retrying in 5s (attempt 1/5)...
      call failed (http_404), retrying in 10s (attempt 2/5)...
      call failed (http_404), retrying in 20s (attempt 3/5)...
      call failed (http_404), retrying in 40s (attempt 4/5)...
      call failed (http_404), retrying in 60s (attempt 5/5)...
FAILED (http_404)
  calling: sem_3dc29ad59dd4 ...       call failed (http_404), retrying in 5s (attempt 1/5)...
      call failed (http_404), retrying in 10s (attempt 2/5)...
      call failed (network_error: HTTPSConnectionPool(host='openrouter.ai', port=443): Read timed out. (read timeout=120)), retrying in 20s (attempt 3/5)...
      call failed (network_error: HTTPSConnectionPool(host='openrouter.ai', port=443): Max retries exceeded with url: /api/v1/chat/completions (Caused by NameResolutionError("HTTPSConnection(host='openrouter.ai', port=443): Failed to resolve 'openrouter.ai' ([Errno 8] nodename nor servname provided, or not known)"))), retrying in 40s (attempt 4/5)...
      call failed (http_404), retrying in 60s (attempt 5/5)...
FAILED (http_404)
  calling: sem_03dc6ac61276 ...       call failed (http_404), retrying in 5s (attempt 1/5)...
      call failed (http_404), retrying in 10s (attempt 2/5)...
      call failed (http_404), retrying in 20s (attempt 3/5)...
      call failed (http_404), retrying in 40s (attempt 4/5)...
      call failed (http_404), retrying in 60s (attempt 5/5)...
FAILED (http_404)
  calling: sem_fdb39b0f2fbb ...       call failed (http_404), retrying in 5s (attempt 1/5)...
      call failed (http_404), retrying in 10s (attempt 2/5)...
      call failed (http_404), retrying in 20s (attempt 3/5)...
      call failed (http_404), retrying in 40s (attempt 4/5)...
      call failed (http_404), retrying in 60s (attempt 5/5)...
FAILED (http_404)
  calling: sem_48a0fb166bcf ...       call failed (http_404), retrying in 5s (attempt 1/5)...
      call failed (http_404), retrying in 10s (attempt 2/5)...
      call failed (http_404), retrying in 20s (attempt 3/5)...
      call failed (http_404), retrying in 40s (attempt 4/5)...
      call failed (http_404), retrying in 60s (attempt 5/5)...
FAILED (http_404)
  calling: sem_ca4e1eb6714c ... 